name,year,count
Claus-Peter Richter,2001,1
Claus-Peter Richter,2002,2
Claus-Peter Richter,2003,0
Claus-Peter Richter,2004,6
Claus-Peter Richter,2005,0
Claus-Peter Richter,2006,11
Claus-Peter Richter,2007,2
Claus-Peter Richter,2008,8
Claus-Peter Richter,2009,3
Claus-Peter Richter,2010,1
Claus-Peter Richter,2011,3
Claus-Peter Richter,2012,3
Claus-Peter Richter,2013,1
Claus-Peter Richter,2014,0
Claus-Peter Richter,2015,2
Claus-Peter Richter,2016,2
Claus-Peter Richter,2017,0
Claus-Peter Richter,2018,3
Claus-Peter Richter,2019,1
Claus-Peter Richter,2020,1
Claus-Peter Richter,2021,2
Claus-Peter Richter,2022,2
Claus-Peter Richter,2023,1
Claus-Peter Richter,2024,1
Samuel I. Stupp,2000,6
Samuel I. Stupp,2001,4
Samuel I. Stupp,2002,0
Samuel I. Stupp,2003,3
Samuel I. Stupp,2004,26
Samuel I. Stupp,2005,31
Samuel I. Stupp,2006,6
Samuel I. Stupp,2007,2
Samuel I. Stupp,2008,0
Samuel I. Stupp,2009,2
Samuel I. Stupp,2010,4
Samuel I. Stupp,2011,10
Samuel I. Stupp,2012,2
Samuel I. Stupp,2013,4
Samuel I. Stupp,2014,7
Samuel I. Stupp,2015,5
Samuel I. Stupp,2016,4
Samuel I. Stupp,2017,0
Samuel I. Stupp,2018,2
Samuel I. Stupp,2019,4
Samuel I. Stupp,2020,1
Samuel I. Stupp,2021,4
Samuel I. Stupp,2022,3
Samuel I. Stupp,2023,2
Mary Alison Mahieu,2017,2
Mary Alison Mahieu,2018,2
Mary Alison Mahieu,2019,1
Mary Alison Mahieu,2020,1
Mary Alison Mahieu,2021,1
Rosalind Ramsey-Goldman,2001,2
Rosalind Ramsey-Goldman,2002,14
Rosalind Ramsey-Goldman,2003,5
Rosalind Ramsey-Goldman,2004,7
Rosalind Ramsey-Goldman,2005,7
Rosalind Ramsey-Goldman,2006,4
Rosalind Ramsey-Goldman,2007,8
Rosalind Ramsey-Goldman,2008,10
Rosalind Ramsey-Goldman,2009,0
Rosalind Ramsey-Goldman,2010,1
Rosalind Ramsey-Goldman,2011,4
Rosalind Ramsey-Goldman,2012,4
Rosalind Ramsey-Goldman,2013,7
Rosalind Ramsey-Goldman,2014,6
Rosalind Ramsey-Goldman,2015,3
Rosalind Ramsey-Goldman,2016,5
Rosalind Ramsey-Goldman,2017,7
Rosalind Ramsey-Goldman,2018,5
Rosalind Ramsey-Goldman,2019,3
Rosalind Ramsey-Goldman,2020,6
Rosalind Ramsey-Goldman,2021,4
Rosalind Ramsey-Goldman,2022,5
Rosalind Ramsey-Goldman,2023,2
Rosalind Ramsey-Goldman,2024,2
John Y. S. Kim,2008,1
John Y. S. Kim,2009,0
John Y. S. Kim,2010,2
John Y. S. Kim,2011,2
John Y. S. Kim,2012,1
John Y. S. Kim,2013,1
John Y. S. Kim,2014,0
John Y. S. Kim,2015,0
John Y. S. Kim,2016,2
John Y. S. Kim,2017,0
John Y. S. Kim,2018,1
John Y. S. Kim,2019,2
John Y. S. Kim,2020,1
John Y. S. Kim,2021,0
John Y. S. Kim,2022,1
John Y. S. Kim,2023,0
John Y. S. Kim,2024,1
Richard G. Wunderink,2004,7
Richard G. Wunderink,2005,6
Richard G. Wunderink,2006,6
Richard G. Wunderink,2007,9
Richard G. Wunderink,2008,5
Richard G. Wunderink,2009,6
Richard G. Wunderink,2010,2
Richard G. Wunderink,2011,8
Richard G. Wunderink,2012,6
Richard G. Wunderink,2013,9
Richard G. Wunderink,2014,10
Richard G. Wunderink,2015,6
Richard G. Wunderink,2016,8
Richard G. Wunderink,2017,11
Richard G. Wunderink,2018,6
Richard G. Wunderink,2019,7
Richard G. Wunderink,2020,10
Richard G. Wunderink,2021,9
Richard G. Wunderink,2022,7
Richard G. Wunderink,2023,3
Richard G. Wunderink,2024,7
Colby Shad Thaxton,1996,1
Colby Shad Thaxton,1997,0
Colby Shad Thaxton,1998,1
Colby Shad Thaxton,1999,1
Colby Shad Thaxton,2000,0
Colby Shad Thaxton,2001,8
Colby Shad Thaxton,2002,1
Colby Shad Thaxton,2003,7
Colby Shad Thaxton,2004,4
Colby Shad Thaxton,2005,3
Colby Shad Thaxton,2006,6
Colby Shad Thaxton,2007,2
Colby Shad Thaxton,2008,3
Colby Shad Thaxton,2009,1
Colby Shad Thaxton,2010,4
Colby Shad Thaxton,2011,4
Colby Shad Thaxton,2012,3
Colby Shad Thaxton,2013,4
Colby Shad Thaxton,2014,1
Colby Shad Thaxton,2015,1
Colby Shad Thaxton,2016,1
Colby Shad Thaxton,2017,1
Colby Shad Thaxton,2018,1
Colby Shad Thaxton,2019,3
Colby Shad Thaxton,2020,1
Colby Shad Thaxton,2021,0
Colby Shad Thaxton,2022,0
Colby Shad Thaxton,2023,0
Colby Shad Thaxton,2024,1
Bradley D. Allen,2020,6
Bradley D. Allen,2021,3
Bradley D. Allen,2022,2
Bradley D. Allen,2023,2
Bradley D. Allen,2024,3
Daniele Procissi,2012,1
Daniele Procissi,2013,2
Daniele Procissi,2014,1
Daniele Procissi,2015,0
Daniele Procissi,2016,3
Daniele Procissi,2017,0
Daniele Procissi,2018,1
Daniele Procissi,2019,0
Daniele Procissi,2020,2
Daniele Procissi,2021,0
Daniele Procissi,2022,2
Daniele Procissi,2023,2
Daniele Procissi,2024,1
James C. Carr,2011,1
James C. Carr,2012,0
James C. Carr,2013,0
James C. Carr,2014,5
James C. Carr,2015,4
James C. Carr,2016,1
James C. Carr,2017,6
James C. Carr,2018,3
James C. Carr,2019,0
James C. Carr,2020,4
James C. Carr,2021,1
James C. Carr,2022,2
James C. Carr,2023,6
James C. Carr,2024,1
Robert I. Liem,2011,1
Robert I. Liem,2012,1
Robert I. Liem,2013,5
Robert I. Liem,2014,0
Robert I. Liem,2015,2
Robert I. Liem,2016,1
Robert I. Liem,2017,12
Robert I. Liem,2018,5
Robert I. Liem,2019,2
Robert I. Liem,2020,1
William J. Gradishar,1999,1
William J. Gradishar,2000,9
William J. Gradishar,2001,3
William J. Gradishar,2002,0
William J. Gradishar,2003,8
William J. Gradishar,2004,7
William J. Gradishar,2005,14
William J. Gradishar,2006,25
William J. Gradishar,2007,45
William J. Gradishar,2008,7
William J. Gradishar,2009,0
William J. Gradishar,2010,1
William J. Gradishar,2011,7
William J. Gradishar,2012,3
William J. Gradishar,2013,3
William J. Gradishar,2014,2
William J. Gradishar,2015,2
William J. Gradishar,2016,5
William J. Gradishar,2017,3
William J. Gradishar,2018,7
William J. Gradishar,2019,5
William J. Gradishar,2020,3
William J. Gradishar,2021,4
William J. Gradishar,2022,3
William J. Gradishar,2023,5
William J. Gradishar,2024,5
Conrad L. Epting,2007,1
Conrad L. Epting,2008,0
Conrad L. Epting,2009,0
Conrad L. Epting,2010,5
Conrad L. Epting,2011,1
Conrad L. Epting,2012,1
Conrad L. Epting,2013,3
Conrad L. Epting,2014,0
Conrad L. Epting,2015,2
Conrad L. Epting,2016,0
Conrad L. Epting,2017,2
Michael Markl,2011,1
Michael Markl,2012,5
Michael Markl,2013,1
Michael Markl,2014,4
Michael Markl,2015,0
Michael Markl,2016,4
Michael Markl,2017,3
Michael Markl,2018,7
Michael Markl,2019,8
Michael Markl,2020,6
Michael Markl,2021,7
Michael Markl,2022,3
Michael Markl,2023,4
Michael Markl,2024,6
Dan Xu,2011,1
Dan Xu,2012,0
Dan Xu,2013,1
Dan Xu,2014,0
Dan Xu,2015,0
Dan Xu,2016,0
Dan Xu,2017,0
Dan Xu,2018,2
Dan Xu,2019,0
Dan Xu,2020,0
Dan Xu,2021,1
Kelly N. Michelson,2012,1
Kelly N. Michelson,2013,2
Kelly N. Michelson,2014,1
Kelly N. Michelson,2015,1
Kelly N. Michelson,2016,0
Kelly N. Michelson,2017,2
Kelly N. Michelson,2018,2
Kelly N. Michelson,2019,2
Stephen D. Miller,1997,1
Stephen D. Miller,1998,0
Stephen D. Miller,1999,0
Stephen D. Miller,2000,0
Stephen D. Miller,2001,8
Stephen D. Miller,2002,16
Stephen D. Miller,2003,4
Stephen D. Miller,2004,8
Stephen D. Miller,2005,6
Stephen D. Miller,2006,14
Stephen D. Miller,2007,6
Stephen D. Miller,2008,3
Stephen D. Miller,2009,6
Stephen D. Miller,2010,5
Stephen D. Miller,2011,6
Stephen D. Miller,2012,14
Stephen D. Miller,2013,7
Stephen D. Miller,2014,5
Stephen D. Miller,2015,12
Stephen D. Miller,2016,8
Stephen D. Miller,2017,5
Stephen D. Miller,2018,5
Stephen D. Miller,2019,3
Stephen D. Miller,2020,3
Stephen D. Miller,2021,4
Stephen D. Miller,2022,1
Stephen D. Miller,2023,1
Stephen D. Miller,2024,1
Debra E. Weese-Mayer,2011,2
Debra E. Weese-Mayer,2012,2
Debra E. Weese-Mayer,2013,2
Debra E. Weese-Mayer,2014,1
Debra E. Weese-Mayer,2015,3
Debra E. Weese-Mayer,2016,6
Debra E. Weese-Mayer,2017,2
Debra E. Weese-Mayer,2018,1
Debra E. Weese-Mayer,2019,1
Rama K. Mishra,2012,1
Rama K. Mishra,2013,1
Rama K. Mishra,2014,2
Rama K. Mishra,2015,4
Rama K. Mishra,2016,3
Rama K. Mishra,2017,1
Rama K. Mishra,2018,1
Rama K. Mishra,2019,2
Gary E. Schiltz,2011,1
Gary E. Schiltz,2012,1
Gary E. Schiltz,2013,2
Gary E. Schiltz,2014,2
Gary E. Schiltz,2015,4
Gary E. Schiltz,2016,5
Gary E. Schiltz,2017,3
Gary E. Schiltz,2018,2
Gary E. Schiltz,2019,2
Gary E. Schiltz,2020,2
Gary E. Schiltz,2021,2
Gary E. Schiltz,2022,3
Gary E. Schiltz,2023,2
Gary E. Schiltz,2024,2
David C. Mohr,2006,4
David C. Mohr,2007,1
David C. Mohr,2008,4
David C. Mohr,2009,4
David C. Mohr,2010,0
David C. Mohr,2011,3
David C. Mohr,2012,6
David C. Mohr,2013,9
David C. Mohr,2014,6
David C. Mohr,2015,5
David C. Mohr,2016,9
David C. Mohr,2017,3
David C. Mohr,2018,3
David C. Mohr,2019,3
David C. Mohr,2020,7
David C. Mohr,2021,2
David C. Mohr,2022,3
David C. Mohr,2023,4
Kehinde U. A. Adekola,2014,2
Kehinde U. A. Adekola,2015,0
Kehinde U. A. Adekola,2016,1
Kehinde U. A. Adekola,2017,0
Kehinde U. A. Adekola,2018,1
Kehinde U. A. Adekola,2019,4
Kehinde U. A. Adekola,2020,0
Kehinde U. A. Adekola,2021,0
Kehinde U. A. Adekola,2022,1
Kehinde U. A. Adekola,2023,2
Kehinde U. A. Adekola,2024,1
Melissa A. Simon,2006,2
Melissa A. Simon,2007,2
Melissa A. Simon,2008,2
Melissa A. Simon,2009,1
Melissa A. Simon,2010,0
Melissa A. Simon,2011,7
Melissa A. Simon,2012,4
Melissa A. Simon,2013,6
Melissa A. Simon,2014,9
Melissa A. Simon,2015,10
Melissa A. Simon,2016,7
Melissa A. Simon,2017,3
Melissa A. Simon,2018,3
Melissa A. Simon,2019,7
Melissa A. Simon,2020,7
Melissa A. Simon,2021,5
Melissa A. Simon,2022,3
Melissa A. Simon,2023,3
Melissa A. Simon,2024,2
Lynn M. Yee,2015,1
Lynn M. Yee,2016,4
Lynn M. Yee,2017,2
Lynn M. Yee,2018,3
Lynn M. Yee,2019,4
Lynn M. Yee,2020,4
Lynn M. Yee,2021,6
Lynn M. Yee,2022,7
Lynn M. Yee,2023,7
Lynn M. Yee,2024,4
Sonali Chaudhury,2008,1
Sonali Chaudhury,2009,0
Sonali Chaudhury,2010,0
Sonali Chaudhury,2011,0
Sonali Chaudhury,2012,0
Sonali Chaudhury,2013,6
Sonali Chaudhury,2014,5
Sonali Chaudhury,2015,12
Sonali Chaudhury,2016,3
Sonali Chaudhury,2017,4
Sonali Chaudhury,2018,7
Sonali Chaudhury,2019,4
Sonali Chaudhury,2020,1
William J. Muller,2007,1
William J. Muller,2008,1
William J. Muller,2009,3
William J. Muller,2010,2
William J. Muller,2011,0
William J. Muller,2012,6
William J. Muller,2013,5
William J. Muller,2014,1
William J. Muller,2015,13
William J. Muller,2016,3
William J. Muller,2017,8
William J. Muller,2018,9
William J. Muller,2019,12
William J. Muller,2020,6
Bin Jiang,2011,1
Bin Jiang,2012,0
Bin Jiang,2013,0
Bin Jiang,2014,2
Bin Jiang,2015,0
Bin Jiang,2016,0
Bin Jiang,2017,0
Bin Jiang,2018,0
Bin Jiang,2019,3
Bin Jiang,2020,0
Bin Jiang,2021,0
Bin Jiang,2022,0
Bin Jiang,2023,2
Bin Jiang,2024,1
Guillermo Antonio Ameer,2004,6
Guillermo Antonio Ameer,2005,9
Guillermo Antonio Ameer,2006,7
Guillermo Antonio Ameer,2007,3
Guillermo Antonio Ameer,2008,0
Guillermo Antonio Ameer,2009,4
Guillermo Antonio Ameer,2010,1
Guillermo Antonio Ameer,2011,4
Guillermo Antonio Ameer,2012,1
Guillermo Antonio Ameer,2013,2
Guillermo Antonio Ameer,2014,2
Guillermo Antonio Ameer,2015,0
Guillermo Antonio Ameer,2016,8
Guillermo Antonio Ameer,2017,2
Guillermo Antonio Ameer,2018,4
Guillermo Antonio Ameer,2019,7
Guillermo Antonio Ameer,2020,1
Guillermo Antonio Ameer,2021,5
Guillermo Antonio Ameer,2022,1
Guillermo Antonio Ameer,2023,0
Guillermo Antonio Ameer,2024,3
Alexander W. Korutz,2022,1
Alfred W. Rademaker,2000,5
Alfred W. Rademaker,2001,18
Alfred W. Rademaker,2002,4
Alfred W. Rademaker,2003,7
Alfred W. Rademaker,2004,1
Alfred W. Rademaker,2005,12
Alfred W. Rademaker,2006,6
Alfred W. Rademaker,2007,4
Alfred W. Rademaker,2008,8
Alfred W. Rademaker,2009,11
Alfred W. Rademaker,2010,4
Alfred W. Rademaker,2011,12
Alfred W. Rademaker,2012,7
Alfred W. Rademaker,2013,9
Alfred W. Rademaker,2014,5
Alfred W. Rademaker,2015,7
Alfred W. Rademaker,2016,7
Alfred W. Rademaker,2017,6
Alfred W. Rademaker,2018,3
Alfred W. Rademaker,2019,1
Alfred W. Rademaker,2020,2
Xi Zhang,2012,1
Xi Zhang,2013,1
Xi Zhang,2014,1
Xi Zhang,2015,0
Xi Zhang,2016,0
Xi Zhang,2017,0
Xi Zhang,2018,0
Xi Zhang,2019,2
Xi Zhang,2020,0
Xi Zhang,2021,2
Xi Zhang,2022,0
Xi Zhang,2023,1
Xi Zhang,2024,3
Chen X. Lin,2007,2
Chen X. Lin,2008,0
Chen X. Lin,2009,0
Chen X. Lin,2010,1
Chen X. Lin,2011,1
Chen X. Lin,2012,1
Chen X. Lin,2013,0
Chen X. Lin,2014,1
Chen X. Lin,2015,3
Chen X. Lin,2016,0
Chen X. Lin,2017,1
Chen X. Lin,2018,2
Chen X. Lin,2019,2
Chen X. Lin,2020,3
Chen X. Lin,2021,1
Chen X. Lin,2022,1
Chen X. Lin,2023,1
Anjan Tibrewala,2018,1
Anjan Tibrewala,2019,0
Anjan Tibrewala,2020,0
Anjan Tibrewala,2021,1
Anjan Tibrewala,2022,0
Anjan Tibrewala,2023,1
Anjan Tibrewala,2024,1
Justyna A. Dobrowolska Zakaria,2019,1
Maryann Mason,2011,5
Maryann Mason,2012,8
Maryann Mason,2013,14
Maryann Mason,2014,20
Maryann Mason,2015,18
Maryann Mason,2016,3
Maryann Mason,2017,4
Maryann Mason,2018,5
Maryann Mason,2019,6
Maryann Mason,2020,6
Maryann Mason,2021,5
Maryann Mason,2022,5
Maryann Mason,2023,7
Maryann Mason,2024,2
Benjamin Howard Freed,2013,1
Benjamin Howard Freed,2014,1
Benjamin Howard Freed,2015,0
Benjamin Howard Freed,2016,0
Benjamin Howard Freed,2017,2
Benjamin Howard Freed,2018,1
Benjamin Howard Freed,2019,4
Benjamin Howard Freed,2020,0
Benjamin Howard Freed,2021,1
Benjamin Howard Freed,2022,0
Benjamin Howard Freed,2023,0
Benjamin Howard Freed,2024,1
Rod S. Passman,1999,2
Rod S. Passman,2000,0
Rod S. Passman,2001,0
Rod S. Passman,2002,4
Rod S. Passman,2003,2
Rod S. Passman,2004,5
Rod S. Passman,2005,3
Rod S. Passman,2006,4
Rod S. Passman,2007,8
Rod S. Passman,2008,2
Rod S. Passman,2009,1
Rod S. Passman,2010,3
Rod S. Passman,2011,0
Rod S. Passman,2012,1
Rod S. Passman,2013,2
Rod S. Passman,2014,0
Rod S. Passman,2015,1
Rod S. Passman,2016,1
Rod S. Passman,2017,1
Rod S. Passman,2018,3
Rod S. Passman,2019,2
Rod S. Passman,2020,4
Rod S. Passman,2021,4
Rod S. Passman,2022,1
Rod S. Passman,2023,6
Rod S. Passman,2024,1
Jeremy D. Collins,2012,1
Jeremy D. Collins,2013,1
Jeremy D. Collins,2014,0
Jeremy D. Collins,2015,0
Jeremy D. Collins,2016,2
Jeremy D. Collins,2017,2
Jeremy D. Collins,2018,1
Jeremy D. Collins,2019,1
Wei Zhang,2014,1
Wei Zhang,2015,3
Wei Zhang,2016,4
Wei Zhang,2017,5
Wei Zhang,2018,3
Wei Zhang,2019,1
Wei Zhang,2020,1
Wei Zhang,2021,1
Wei Zhang,2022,2
Wei Zhang,2023,4
Wei Zhang,2024,2
Robert J. Vassar,2001,1
Robert J. Vassar,2002,0
Robert J. Vassar,2003,6
Robert J. Vassar,2004,0
Robert J. Vassar,2005,3
Robert J. Vassar,2006,4
Robert J. Vassar,2007,2
Robert J. Vassar,2008,1
Robert J. Vassar,2009,0
Robert J. Vassar,2010,0
Robert J. Vassar,2011,1
Robert J. Vassar,2012,4
Robert J. Vassar,2013,1
Robert J. Vassar,2014,1
Robert J. Vassar,2015,4
Robert J. Vassar,2016,7
Robert J. Vassar,2017,6
Robert J. Vassar,2018,6
Robert J. Vassar,2019,3
Robert J. Vassar,2020,3
Robert J. Vassar,2021,2
Robert J. Vassar,2022,4
Robert J. Vassar,2023,4
Robert J. Vassar,2024,3
Lifang Hou,2001,2
Lifang Hou,2002,0
Lifang Hou,2003,0
Lifang Hou,2004,0
Lifang Hou,2005,0
Lifang Hou,2006,2
Lifang Hou,2007,2
Lifang Hou,2008,0
Lifang Hou,2009,2
Lifang Hou,2010,1
Lifang Hou,2011,4
Lifang Hou,2012,8
Lifang Hou,2013,3
Lifang Hou,2014,3
Lifang Hou,2015,2
Lifang Hou,2016,2
Lifang Hou,2017,17
Lifang Hou,2018,1
Lifang Hou,2019,7
Lifang Hou,2020,4
Lifang Hou,2021,7
Lifang Hou,2022,3
Lifang Hou,2023,3
Chad J. Achenbach,2007,1
Chad J. Achenbach,2008,0
Chad J. Achenbach,2009,0
Chad J. Achenbach,2010,3
Chad J. Achenbach,2011,0
Chad J. Achenbach,2012,4
Chad J. Achenbach,2013,4
Chad J. Achenbach,2014,2
Chad J. Achenbach,2015,6
Chad J. Achenbach,2016,4
Chad J. Achenbach,2017,3
Chad J. Achenbach,2018,1
Chad J. Achenbach,2019,2
Chad J. Achenbach,2020,7
Chad J. Achenbach,2021,3
Chad J. Achenbach,2022,1
Chad J. Achenbach,2023,15
Frank Joseph Palella,1997,1
Frank Joseph Palella,1998,0
Frank Joseph Palella,1999,0
Frank Joseph Palella,2000,2
Frank Joseph Palella,2001,0
Frank Joseph Palella,2002,2
Frank Joseph Palella,2003,6
Frank Joseph Palella,2004,4
Frank Joseph Palella,2005,8
Frank Joseph Palella,2006,3
Frank Joseph Palella,2007,4
Frank Joseph Palella,2008,3
Frank Joseph Palella,2009,1
Frank Joseph Palella,2010,4
Frank Joseph Palella,2011,3
Frank Joseph Palella,2012,3
Frank Joseph Palella,2013,2
Frank Joseph Palella,2014,6
Frank Joseph Palella,2015,2
Frank Joseph Palella,2016,0
Frank Joseph Palella,2017,0
Frank Joseph Palella,2018,1
Frank Joseph Palella,2019,1
Frank Joseph Palella,2020,5
Frank Joseph Palella,2021,0
Frank Joseph Palella,2022,0
Frank Joseph Palella,2023,2
Riad Salem,2006,2
Riad Salem,2007,2
Riad Salem,2008,6
Riad Salem,2009,1
Riad Salem,2010,1
Riad Salem,2011,0
Riad Salem,2012,1
Riad Salem,2013,1
Riad Salem,2014,0
Riad Salem,2015,0
Riad Salem,2016,2
Riad Salem,2017,3
Riad Salem,2018,0
Riad Salem,2019,0
Riad Salem,2020,2
Riad Salem,2021,1
Riad Salem,2022,3
Robert J. Lewandowski,2008,2
Robert J. Lewandowski,2009,0
Robert J. Lewandowski,2010,0
Robert J. Lewandowski,2011,3
Robert J. Lewandowski,2012,1
Robert J. Lewandowski,2013,1
Robert J. Lewandowski,2014,0
Robert J. Lewandowski,2015,4
Robert J. Lewandowski,2016,3
Robert J. Lewandowski,2017,1
Robert J. Lewandowski,2018,1
Robert J. Lewandowski,2019,1
Robert J. Lewandowski,2020,2
Robert J. Lewandowski,2021,0
Robert J. Lewandowski,2022,1
Robert J. Lewandowski,2023,3
Robert J. Lewandowski,2024,3
Susanne Schnell,2016,1
Susanne Schnell,2017,0
Susanne Schnell,2018,2
Susanne Schnell,2019,0
Susanne Schnell,2020,2
Santhanam Suresh,2011,1
Santhanam Suresh,2012,3
Daniel Montie Corcos,2014,3
Daniel Montie Corcos,2015,0
Daniel Montie Corcos,2016,2
Daniel Montie Corcos,2017,5
Daniel Montie Corcos,2018,2
Daniel Montie Corcos,2019,1
Daniel Montie Corcos,2020,1
Daniel Montie Corcos,2021,1
Daniel Montie Corcos,2022,1
Daniel Montie Corcos,2023,1
Maria L. V. Dizon,2007,1
Maria L. V. Dizon,2008,0
Maria L. V. Dizon,2009,0
Maria L. V. Dizon,2010,0
Maria L. V. Dizon,2011,0
Maria L. V. Dizon,2012,2
Maria L. V. Dizon,2013,0
Maria L. V. Dizon,2014,2
Maria L. V. Dizon,2015,7
Maria L. V. Dizon,2016,1
Maria L. V. Dizon,2017,0
Maria L. V. Dizon,2018,0
Maria L. V. Dizon,2019,2
Ravi Kalhan,1999,1
Ravi Kalhan,2000,0
Ravi Kalhan,2001,0
Ravi Kalhan,2002,0
Ravi Kalhan,2003,0
Ravi Kalhan,2004,2
Ravi Kalhan,2005,0
Ravi Kalhan,2006,0
Ravi Kalhan,2007,5
Ravi Kalhan,2008,2
Ravi Kalhan,2009,1
Ravi Kalhan,2010,2
Ravi Kalhan,2011,2
Ravi Kalhan,2012,6
Ravi Kalhan,2013,2
Ravi Kalhan,2014,5
Ravi Kalhan,2015,2
Ravi Kalhan,2016,5
Ravi Kalhan,2017,6
Ravi Kalhan,2018,3
Ravi Kalhan,2019,10
Ravi Kalhan,2020,7
Ravi Kalhan,2021,4
Ravi Kalhan,2022,3
Ravi Kalhan,2023,2
Ravi Kalhan,2024,3
Khalilah Latrece Gates,2011,1
Khalilah Latrece Gates,2012,0
Khalilah Latrece Gates,2013,0
Khalilah Latrece Gates,2014,0
Khalilah Latrece Gates,2015,0
Khalilah Latrece Gates,2016,0
Khalilah Latrece Gates,2017,0
Khalilah Latrece Gates,2018,0
Khalilah Latrece Gates,2019,0
Khalilah Latrece Gates,2020,0
Khalilah Latrece Gates,2021,0
Khalilah Latrece Gates,2022,0
Khalilah Latrece Gates,2023,0
Khalilah Latrece Gates,2024,1
Michael C. Fagen,2014,1
Michael C. Fagen,2015,2
Michael C. Fagen,2016,0
Michael C. Fagen,2017,0
Michael C. Fagen,2018,1
Michael C. Fagen,2019,1
Nicholas J. Volpe,2001,1
Nicholas J. Volpe,2002,0
Nicholas J. Volpe,2003,0
Nicholas J. Volpe,2004,0
Nicholas J. Volpe,2005,0
Nicholas J. Volpe,2006,0
Nicholas J. Volpe,2007,0
Nicholas J. Volpe,2008,0
Nicholas J. Volpe,2009,0
Nicholas J. Volpe,2010,0
Nicholas J. Volpe,2011,0
Nicholas J. Volpe,2012,1
Nicholas J. Volpe,2013,1
Nicholas J. Volpe,2014,2
Nicholas J. Volpe,2015,0
Nicholas J. Volpe,2016,1
Nicholas J. Volpe,2017,2
Nicholas J. Volpe,2018,1
Nicholas J. Volpe,2019,0
Nicholas J. Volpe,2020,0
Nicholas J. Volpe,2021,1
Jordan Henry Grafman,2012,2
Jordan Henry Grafman,2013,1
Jordan Henry Grafman,2014,1
Jordan Henry Grafman,2015,4
Jordan Henry Grafman,2016,3
Jordan Henry Grafman,2017,3
Jordan Henry Grafman,2018,0
Jordan Henry Grafman,2019,1
Jordan Henry Grafman,2020,0
Jordan Henry Grafman,2021,1
Jordan Henry Grafman,2022,0
Jordan Henry Grafman,2023,1
Daniela P. Ladner,2009,1
Daniela P. Ladner,2010,5
Daniela P. Ladner,2011,3
Daniela P. Ladner,2012,1
Daniela P. Ladner,2013,0
Daniela P. Ladner,2014,0
Daniela P. Ladner,2015,2
Daniela P. Ladner,2016,4
Daniela P. Ladner,2017,3
Daniela P. Ladner,2018,1
Daniela P. Ladner,2019,3
Daniela P. Ladner,2020,1
Daniela P. Ladner,2021,6
Daniela P. Ladner,2022,4
Daniela P. Ladner,2023,4
Lihui Zhao,2011,3
Lihui Zhao,2012,2
Lihui Zhao,2013,2
Lihui Zhao,2014,5
Lihui Zhao,2015,8
Lihui Zhao,2016,3
Lihui Zhao,2017,3
Lihui Zhao,2018,3
Lihui Zhao,2019,3
Lihui Zhao,2020,3
Lihui Zhao,2021,5
Lihui Zhao,2022,4
Lihui Zhao,2023,6
Lihui Zhao,2024,2
Abel N. Kho,2006,3
Abel N. Kho,2007,2
Abel N. Kho,2008,8
Abel N. Kho,2009,1
Abel N. Kho,2010,12
Abel N. Kho,2011,6
Abel N. Kho,2012,3
Abel N. Kho,2013,4
Abel N. Kho,2014,6
Abel N. Kho,2015,12
Abel N. Kho,2016,5
Abel N. Kho,2017,3
Abel N. Kho,2018,4
Abel N. Kho,2019,7
Abel N. Kho,2020,11
Abel N. Kho,2021,5
Abel N. Kho,2022,4
Abel N. Kho,2023,4
Abel N. Kho,2024,2
Sara Lynn Shaunfield,2018,1
Sara Lynn Shaunfield,2019,4
Sara Lynn Shaunfield,2020,2
Sara Lynn Shaunfield,2021,1
Sara Lynn Shaunfield,2022,2
Sara Lynn Shaunfield,2023,1
Sara Lynn Shaunfield,2024,1
Jennifer L. Reichek,2013,1
Jennifer L. Reichek,2014,2
Jennifer L. Reichek,2015,0
Jennifer L. Reichek,2016,2
Jennifer L. Reichek,2017,1
Jennifer L. Reichek,2018,3
Jennifer L. Reichek,2019,0
Jennifer L. Reichek,2020,1
Jill Hibishman Samis,2017,1
Matthew James OBrien,2015,3
Matthew James OBrien,2016,5
Matthew James OBrien,2017,3
Matthew James OBrien,2018,1
Matthew James OBrien,2019,0
Matthew James OBrien,2020,1
Matthew James OBrien,2021,1
Matthew James OBrien,2022,9
Matthew James OBrien,2023,0
Matthew James OBrien,2024,2
Bin Zhang,2011,1
Bin Zhang,2012,1
Bin Zhang,2013,4
Bin Zhang,2014,1
Bin Zhang,2015,5
Bin Zhang,2016,1
Bin Zhang,2017,7
Bin Zhang,2018,5
Bin Zhang,2019,1
Bin Zhang,2020,2
Bin Zhang,2021,4
Bin Zhang,2022,4
Bin Zhang,2023,4
Bin Zhang,2024,3
Morris Kletzel,2011,1
Morris Kletzel,2012,0
Morris Kletzel,2013,2
Morris Kletzel,2014,4
Morris Kletzel,2015,1
Thanh Huyen Vu,2011,1
Thanh Huyen Vu,2012,0
Thanh Huyen Vu,2013,0
Thanh Huyen Vu,2014,0
Thanh Huyen Vu,2015,3
Thanh Huyen Vu,2016,1
Thanh Huyen Vu,2017,1
Thanh Huyen Vu,2018,2
Thanh Huyen Vu,2019,0
Thanh Huyen Vu,2020,1
Thanh Huyen Vu,2021,0
Thanh Huyen Vu,2022,1
Matthieu Kevin Chardon,2019,1
Matthieu Kevin Chardon,2020,1
Matthieu Kevin Chardon,2021,0
Matthieu Kevin Chardon,2022,2
Matthieu Kevin Chardon,2023,0
Matthieu Kevin Chardon,2024,1
Daniel K. Mroczek,2012,1
Daniel K. Mroczek,2013,4
Daniel K. Mroczek,2014,2
Daniel K. Mroczek,2015,2
Daniel K. Mroczek,2016,5
Daniel K. Mroczek,2017,4
Daniel K. Mroczek,2018,2
Daniel K. Mroczek,2019,5
Daniel K. Mroczek,2020,2
Daniel K. Mroczek,2021,1
Daniel K. Mroczek,2022,2
Daniel K. Mroczek,2023,1
Daniel K. Mroczek,2024,2
Linda Van Van Horn,1993,1
Linda Van Van Horn,1994,0
Linda Van Van Horn,1995,0
Linda Van Van Horn,1996,1
Linda Van Van Horn,1997,0
Linda Van Van Horn,1998,0
Linda Van Van Horn,1999,1
Linda Van Van Horn,2000,5
Linda Van Van Horn,2001,2
Linda Van Van Horn,2002,0
Linda Van Van Horn,2003,5
Linda Van Van Horn,2004,14
Linda Van Van Horn,2005,5
Linda Van Van Horn,2006,7
Linda Van Van Horn,2007,6
Linda Van Van Horn,2008,3
Linda Van Van Horn,2009,2
Linda Van Van Horn,2010,3
Linda Van Van Horn,2011,7
Linda Van Van Horn,2012,5
Linda Van Van Horn,2013,4
Linda Van Van Horn,2014,2
Linda Van Van Horn,2015,2
Linda Van Van Horn,2016,6
Linda Van Van Horn,2017,5
Linda Van Van Horn,2018,3
Linda Van Van Horn,2019,1
Linda Van Van Horn,2020,4
Linda Van Van Horn,2021,4
Linda Van Van Horn,2022,4
Linda Van Van Horn,2023,0
Linda Van Van Horn,2024,1
Charles J. Heckman,2000,5
Charles J. Heckman,2001,0
Charles J. Heckman,2002,2
Charles J. Heckman,2003,0
Charles J. Heckman,2004,4
Charles J. Heckman,2005,6
Charles J. Heckman,2006,0
Charles J. Heckman,2007,2
Charles J. Heckman,2008,4
Charles J. Heckman,2009,3
Charles J. Heckman,2010,5
Charles J. Heckman,2011,1
Charles J. Heckman,2012,1
Charles J. Heckman,2013,3
Charles J. Heckman,2014,4
Charles J. Heckman,2015,2
Charles J. Heckman,2016,5
Charles J. Heckman,2017,1
Charles J. Heckman,2018,2
Charles J. Heckman,2019,2
Charles J. Heckman,2020,2
Charles J. Heckman,2021,2
Charles J. Heckman,2022,3
Charles J. Heckman,2023,0
Charles J. Heckman,2024,3
Jane E. Wilcox,2013,1
Jane E. Wilcox,2014,0
Jane E. Wilcox,2015,2
Jane E. Wilcox,2016,3
Jane E. Wilcox,2017,2
Jane E. Wilcox,2018,1
Jane E. Wilcox,2019,3
Jane E. Wilcox,2020,0
Jane E. Wilcox,2021,3
Jane E. Wilcox,2022,1
Jane E. Wilcox,2023,1
Sadiya Sana Khan,2014,2
Sadiya Sana Khan,2015,1
Sadiya Sana Khan,2016,0
Sadiya Sana Khan,2017,2
Sadiya Sana Khan,2018,3
Sadiya Sana Khan,2019,4
Sadiya Sana Khan,2020,4
Sadiya Sana Khan,2021,7
Sadiya Sana Khan,2022,7
Sadiya Sana Khan,2023,1
Sadiya Sana Khan,2024,7
Elizabeth M. McNally,2014,7
Elizabeth M. McNally,2015,13
Elizabeth M. McNally,2016,7
Elizabeth M. McNally,2017,4
Elizabeth M. McNally,2018,8
Elizabeth M. McNally,2019,7
Elizabeth M. McNally,2020,7
Elizabeth M. McNally,2021,6
Elizabeth M. McNally,2022,5
Elizabeth M. McNally,2023,7
Elizabeth M. McNally,2024,4
Joshua N. Leonard,2006,1
Joshua N. Leonard,2007,0
Joshua N. Leonard,2008,0
Joshua N. Leonard,2009,1
Joshua N. Leonard,2010,1
Joshua N. Leonard,2011,2
Joshua N. Leonard,2012,2
Joshua N. Leonard,2013,2
Joshua N. Leonard,2014,2
Joshua N. Leonard,2015,2
Joshua N. Leonard,2016,0
Joshua N. Leonard,2017,2
Joshua N. Leonard,2018,2
Joshua N. Leonard,2019,1
Joshua N. Leonard,2020,2
Joshua N. Leonard,2021,0
Joshua N. Leonard,2022,1
Joshua N. Leonard,2023,1
Joshua N. Leonard,2024,1
Matthew Justin Major,2012,1
Matthew Justin Major,2013,0
Matthew Justin Major,2014,1
Matthew Justin Major,2015,0
Matthew Justin Major,2016,0
Matthew Justin Major,2017,5
Matthew Justin Major,2018,0
Matthew Justin Major,2019,2
Matthew Justin Major,2020,1
Matthew Justin Major,2021,2
Matthew Justin Major,2022,1
Matthew Justin Major,2023,2
Matthew Justin Major,2024,1
Shilajit D. Kundu,2010,1
Shilajit D. Kundu,2011,0
Shilajit D. Kundu,2012,1
Shilajit D. Kundu,2013,0
Shilajit D. Kundu,2014,0
Shilajit D. Kundu,2015,1
Shilajit D. Kundu,2016,0
Shilajit D. Kundu,2017,0
Shilajit D. Kundu,2018,1
Shilajit D. Kundu,2019,0
Shilajit D. Kundu,2020,1
Shilajit D. Kundu,2021,1
Shilajit D. Kundu,2022,1
Inger E. Burnett-Zeigler,2011,1
Inger E. Burnett-Zeigler,2012,0
Inger E. Burnett-Zeigler,2013,0
Inger E. Burnett-Zeigler,2014,0
Inger E. Burnett-Zeigler,2015,0
Inger E. Burnett-Zeigler,2016,0
Inger E. Burnett-Zeigler,2017,1
Inger E. Burnett-Zeigler,2018,3
Inger E. Burnett-Zeigler,2019,1
Inger E. Burnett-Zeigler,2020,3
Inger E. Burnett-Zeigler,2021,2
Inger E. Burnett-Zeigler,2022,1
Inger E. Burnett-Zeigler,2023,1
Inger E. Burnett-Zeigler,2024,2
Vicki Maria Tysseling,2010,1
Vicki Maria Tysseling,2011,0
Vicki Maria Tysseling,2012,0
Vicki Maria Tysseling,2013,0
Vicki Maria Tysseling,2014,0
Vicki Maria Tysseling,2015,3
Vicki Maria Tysseling,2016,0
Vicki Maria Tysseling,2017,1
Vicki Maria Tysseling,2018,0
Vicki Maria Tysseling,2019,1
Roopal Vashi Kundu,2004,2
Roopal Vashi Kundu,2005,0
Roopal Vashi Kundu,2006,0
Roopal Vashi Kundu,2007,0
Roopal Vashi Kundu,2008,2
Roopal Vashi Kundu,2009,0
Roopal Vashi Kundu,2010,1
Roopal Vashi Kundu,2011,0
Roopal Vashi Kundu,2012,1
Roopal Vashi Kundu,2013,0
Roopal Vashi Kundu,2014,0
Roopal Vashi Kundu,2015,0
Roopal Vashi Kundu,2016,0
Roopal Vashi Kundu,2017,2
Roopal Vashi Kundu,2018,1
Roopal Vashi Kundu,2019,1
Roopal Vashi Kundu,2020,0
Roopal Vashi Kundu,2021,2
Roopal Vashi Kundu,2022,1
Roopal Vashi Kundu,2023,0
Roopal Vashi Kundu,2024,1
Colin K. Franz,2016,1
Colin K. Franz,2017,0
Colin K. Franz,2018,0
Colin K. Franz,2019,0
Colin K. Franz,2020,0
Colin K. Franz,2021,1
Hongxin Dong,2006,1
Hongxin Dong,2007,0
Hongxin Dong,2008,1
Hongxin Dong,2009,0
Hongxin Dong,2010,0
Hongxin Dong,2011,0
Hongxin Dong,2012,2
Hongxin Dong,2013,0
Hongxin Dong,2014,1
Hongxin Dong,2015,0
Hongxin Dong,2016,3
Hongxin Dong,2017,1
Hongxin Dong,2018,2
Hongxin Dong,2019,0
Hongxin Dong,2020,2
Hongxin Dong,2021,0
Hongxin Dong,2022,2
Hongxin Dong,2023,2
Karna Murthy,2012,2
Karna Murthy,2013,0
Karna Murthy,2014,1
Karna Murthy,2015,0
Karna Murthy,2016,2
Karna Murthy,2017,0
Karna Murthy,2018,2
Stephanie M. Rangel,2018,2
Stephanie M. Rangel,2019,1
Stephanie M. Rangel,2020,2
Stephanie M. Rangel,2021,3
Stephanie M. Rangel,2022,2
Stephanie M. Rangel,2023,0
Stephanie M. Rangel,2024,1
Thrasyvoulos N. Pappas,2003,1
Thrasyvoulos N. Pappas,2004,1
Thrasyvoulos N. Pappas,2005,2
Thrasyvoulos N. Pappas,2006,0
Thrasyvoulos N. Pappas,2007,0
Thrasyvoulos N. Pappas,2008,0
Thrasyvoulos N. Pappas,2009,1
Thrasyvoulos N. Pappas,2010,5
Thrasyvoulos N. Pappas,2011,0
Thrasyvoulos N. Pappas,2012,0
Thrasyvoulos N. Pappas,2013,0
Thrasyvoulos N. Pappas,2014,1
Marc Brian Rosenman,2015,4
Marc Brian Rosenman,2016,2
Marc Brian Rosenman,2017,2
Marc Brian Rosenman,2018,0
Marc Brian Rosenman,2019,0
Marc Brian Rosenman,2020,0
Marc Brian Rosenman,2021,0
Marc Brian Rosenman,2022,0
Marc Brian Rosenman,2023,0
Marc Brian Rosenman,2024,1
Phyllis C. Zee,2000,4
Phyllis C. Zee,2001,0
Phyllis C. Zee,2002,4
Phyllis C. Zee,2003,15
Phyllis C. Zee,2004,3
Phyllis C. Zee,2005,8
Phyllis C. Zee,2006,7
Phyllis C. Zee,2007,11
Phyllis C. Zee,2008,4
Phyllis C. Zee,2009,3
Phyllis C. Zee,2010,5
Phyllis C. Zee,2011,4
Phyllis C. Zee,2012,3
Phyllis C. Zee,2013,4
Phyllis C. Zee,2014,0
Phyllis C. Zee,2015,8
Phyllis C. Zee,2016,4
Phyllis C. Zee,2017,4
Phyllis C. Zee,2018,4
Phyllis C. Zee,2019,5
Phyllis C. Zee,2020,4
Phyllis C. Zee,2021,6
Phyllis C. Zee,2022,3
Phyllis C. Zee,2023,3
Phyllis C. Zee,2024,3
Martha Hotz Vitaterna,2001,14
Martha Hotz Vitaterna,2002,0
Martha Hotz Vitaterna,2003,0
Martha Hotz Vitaterna,2004,6
Martha Hotz Vitaterna,2005,15
Martha Hotz Vitaterna,2006,0
Martha Hotz Vitaterna,2007,2
Martha Hotz Vitaterna,2008,5
Martha Hotz Vitaterna,2009,3
Martha Hotz Vitaterna,2010,2
Martha Hotz Vitaterna,2011,0
Martha Hotz Vitaterna,2012,0
Martha Hotz Vitaterna,2013,0
Martha Hotz Vitaterna,2014,2
Martha Hotz Vitaterna,2015,3
Martha Hotz Vitaterna,2016,0
Martha Hotz Vitaterna,2017,1
Martha Hotz Vitaterna,2018,0
Martha Hotz Vitaterna,2019,0
Martha Hotz Vitaterna,2020,2
Martha Hotz Vitaterna,2021,5
Martha Hotz Vitaterna,2022,0
Martha Hotz Vitaterna,2023,2
Sanjiv J. Shah,1999,1
Sanjiv J. Shah,2000,0
Sanjiv J. Shah,2001,0
Sanjiv J. Shah,2002,0
Sanjiv J. Shah,2003,0
Sanjiv J. Shah,2004,0
Sanjiv J. Shah,2005,0
Sanjiv J. Shah,2006,1
Sanjiv J. Shah,2007,0
Sanjiv J. Shah,2008,7
Sanjiv J. Shah,2009,1
Sanjiv J. Shah,2010,2
Sanjiv J. Shah,2011,7
Sanjiv J. Shah,2012,5
Sanjiv J. Shah,2013,7
Sanjiv J. Shah,2014,10
Sanjiv J. Shah,2015,6
Sanjiv J. Shah,2016,15
Sanjiv J. Shah,2017,4
Sanjiv J. Shah,2018,8
Sanjiv J. Shah,2019,8
Sanjiv J. Shah,2020,3
Sanjiv J. Shah,2021,8
Sanjiv J. Shah,2022,6
Sanjiv J. Shah,2023,6
Sanjiv J. Shah,2024,7
Ken A. Paller,2000,2
Ken A. Paller,2001,0
Ken A. Paller,2002,0
Ken A. Paller,2003,2
Ken A. Paller,2004,0
Ken A. Paller,2005,3
Ken A. Paller,2006,1
Ken A. Paller,2007,7
Ken A. Paller,2008,5
Ken A. Paller,2009,3
Ken A. Paller,2010,2
Ken A. Paller,2011,6
Ken A. Paller,2012,5
Ken A. Paller,2013,0
Ken A. Paller,2014,1
Ken A. Paller,2015,5
Ken A. Paller,2016,3
Ken A. Paller,2017,3
Ken A. Paller,2018,4
Ken A. Paller,2019,3
Ken A. Paller,2020,3
Ken A. Paller,2021,1
Ken A. Paller,2022,4
Ken A. Paller,2023,2
Ken A. Paller,2024,1
Donald M. Lloyd-Jones,1999,1
Donald M. Lloyd-Jones,2000,0
Donald M. Lloyd-Jones,2001,0
Donald M. Lloyd-Jones,2002,0
Donald M. Lloyd-Jones,2003,2
Donald M. Lloyd-Jones,2004,4
Donald M. Lloyd-Jones,2005,4
Donald M. Lloyd-Jones,2006,4
Donald M. Lloyd-Jones,2007,7
Donald M. Lloyd-Jones,2008,6
Donald M. Lloyd-Jones,2009,7
Donald M. Lloyd-Jones,2010,1
Donald M. Lloyd-Jones,2011,4
Donald M. Lloyd-Jones,2012,4
Donald M. Lloyd-Jones,2013,4
Donald M. Lloyd-Jones,2014,8
Donald M. Lloyd-Jones,2015,20
Donald M. Lloyd-Jones,2016,6
Donald M. Lloyd-Jones,2017,5
Donald M. Lloyd-Jones,2018,5
Donald M. Lloyd-Jones,2019,15
Donald M. Lloyd-Jones,2020,8
Donald M. Lloyd-Jones,2021,7
Donald M. Lloyd-Jones,2022,6
Donald M. Lloyd-Jones,2023,7
Donald M. Lloyd-Jones,2024,5
Ju Wu,2010,1
Ju Wu,2011,0
Ju Wu,2012,0
Ju Wu,2013,0
Ju Wu,2014,0
Ju Wu,2015,1
Ju Wu,2016,1
Jennifer Donglan Wu,2017,3
Jennifer Donglan Wu,2018,2
Jennifer Donglan Wu,2019,2
Jennifer Donglan Wu,2020,0
Jennifer Donglan Wu,2021,2
Jennifer Donglan Wu,2022,0
Jennifer Donglan Wu,2023,1
Justin Drogos,2013,1
Justin Drogos,2014,0
Justin Drogos,2015,0
Justin Drogos,2016,1
Justin Drogos,2017,0
Justin Drogos,2018,0
Justin Drogos,2019,1
Justin Drogos,2020,0
Justin Drogos,2021,1
Carson Joseph Ingo,2017,1
Carson Joseph Ingo,2018,2
Carson Joseph Ingo,2019,2
Carson Joseph Ingo,2020,0
Carson Joseph Ingo,2021,0
Carson Joseph Ingo,2022,1
Carson Joseph Ingo,2023,1
Carson Joseph Ingo,2024,1
David T. Liss,2005,2
David T. Liss,2006,0
David T. Liss,2007,0
David T. Liss,2008,0
David T. Liss,2009,0
David T. Liss,2010,0
David T. Liss,2011,2
David T. Liss,2012,0
David T. Liss,2013,0
David T. Liss,2014,0
David T. Liss,2015,2
David T. Liss,2016,2
David T. Liss,2017,1
David T. Liss,2018,1
David T. Liss,2019,0
David T. Liss,2020,1
David T. Liss,2021,1
David T. Liss,2022,2
David T. Liss,2023,1
Kristen L. Knutson,2016,2
Kristen L. Knutson,2017,3
Kristen L. Knutson,2018,1
Kristen L. Knutson,2019,2
Kristen L. Knutson,2020,3
Kristen L. Knutson,2021,0
Kristen L. Knutson,2022,1
Kristen L. Knutson,2023,0
Kristen L. Knutson,2024,1
Julius P. A. Dewald,2002,1
Julius P. A. Dewald,2003,4
Julius P. A. Dewald,2004,1
Julius P. A. Dewald,2005,6
Julius P. A. Dewald,2006,0
Julius P. A. Dewald,2007,5
Julius P. A. Dewald,2008,4
Julius P. A. Dewald,2009,2
Julius P. A. Dewald,2010,3
Julius P. A. Dewald,2011,3
Julius P. A. Dewald,2012,2
Julius P. A. Dewald,2013,2
Julius P. A. Dewald,2014,2
Julius P. A. Dewald,2015,6
Julius P. A. Dewald,2016,5
Julius P. A. Dewald,2017,3
Julius P. A. Dewald,2018,4
Julius P. A. Dewald,2019,7
Julius P. A. Dewald,2020,2
Julius P. A. Dewald,2021,2
Julius P. A. Dewald,2022,2
Julius P. A. Dewald,2023,1
Julius P. A. Dewald,2024,4
Melinda R. Ring,2014,1
Melinda R. Ring,2015,0
Melinda R. Ring,2016,0
Melinda R. Ring,2017,0
Melinda R. Ring,2018,1
Alan R. Hauser,2002,1
Alan R. Hauser,2003,3
Alan R. Hauser,2004,0
Alan R. Hauser,2005,6
Alan R. Hauser,2006,0
Alan R. Hauser,2007,2
Alan R. Hauser,2008,3
Alan R. Hauser,2009,2
Alan R. Hauser,2010,1
Alan R. Hauser,2011,1
Alan R. Hauser,2012,5
Alan R. Hauser,2013,3
Alan R. Hauser,2014,1
Alan R. Hauser,2015,7
Alan R. Hauser,2016,4
Alan R. Hauser,2017,4
Alan R. Hauser,2018,2
Alan R. Hauser,2019,1
Alan R. Hauser,2020,3
Alan R. Hauser,2021,4
Alan R. Hauser,2022,3
Alan R. Hauser,2023,3
Jami L. Josefson,2010,1
Jami L. Josefson,2011,0
Jami L. Josefson,2012,3
Jami L. Josefson,2013,5
Jami L. Josefson,2014,5
Jami L. Josefson,2015,0
Jami L. Josefson,2016,1
Jami L. Josefson,2017,6
Jami L. Josefson,2018,6
Jami L. Josefson,2019,3
Daniel T. Robinson,2013,1
Daniel T. Robinson,2014,2
Daniel T. Robinson,2015,0
Daniel T. Robinson,2016,1
Daniel T. Robinson,2017,0
Daniel T. Robinson,2018,1
Egon Anderson Ozer,2013,1
Egon Anderson Ozer,2014,0
Egon Anderson Ozer,2015,3
Egon Anderson Ozer,2016,0
Egon Anderson Ozer,2017,0
Egon Anderson Ozer,2018,1
Egon Anderson Ozer,2019,2
Egon Anderson Ozer,2020,6
Egon Anderson Ozer,2021,5
Egon Anderson Ozer,2022,5
Egon Anderson Ozer,2023,4
Egon Anderson Ozer,2024,1
Jill A. Weissberg Benchell,2011,1
Jill A. Weissberg Benchell,2012,0
Jill A. Weissberg Benchell,2013,1
Jill A. Weissberg Benchell,2014,1
Jill A. Weissberg Benchell,2015,2
Jill A. Weissberg Benchell,2016,1
Jill A. Weissberg Benchell,2017,3
Karla J. F. Satchell,2002,2
Karla J. F. Satchell,2003,0
Karla J. F. Satchell,2004,0
Karla J. F. Satchell,2005,2
Karla J. F. Satchell,2006,1
Karla J. F. Satchell,2007,2
Karla J. F. Satchell,2008,3
Karla J. F. Satchell,2009,1
Karla J. F. Satchell,2010,2
Karla J. F. Satchell,2011,4
Karla J. F. Satchell,2012,1
Karla J. F. Satchell,2013,1
Karla J. F. Satchell,2014,1
Karla J. F. Satchell,2015,1
Karla J. F. Satchell,2016,3
Karla J. F. Satchell,2017,3
Karla J. F. Satchell,2018,1
Karla J. F. Satchell,2019,1
Karla J. F. Satchell,2020,5
Karla J. F. Satchell,2021,2
Karla J. F. Satchell,2022,6
Karla J. F. Satchell,2023,2
Ali Shaibani,2003,1
Ali Shaibani,2004,0
Ali Shaibani,2005,3
Ali Shaibani,2006,3
Ali Shaibani,2007,1
Ali Shaibani,2008,2
Ali Shaibani,2009,0
Ali Shaibani,2010,0
Ali Shaibani,2011,0
Ali Shaibani,2012,0
Ali Shaibani,2013,0
Ali Shaibani,2014,1
Ali Shaibani,2015,0
Ali Shaibani,2016,1
Ali Shaibani,2017,3
Ali Shaibani,2018,0
Ali Shaibani,2019,0
Ali Shaibani,2020,0
Ali Shaibani,2021,0
Ali Shaibani,2022,0
Ali Shaibani,2023,1
Donald Robinson Cantrell,2018,2
Donald Robinson Cantrell,2019,1
Donald Robinson Cantrell,2020,2
Donald Robinson Cantrell,2021,0
Donald Robinson Cantrell,2022,1
Donald Robinson Cantrell,2023,1
Sameer Ahmad Ansari,2011,4
Sameer Ahmad Ansari,2012,2
Sameer Ahmad Ansari,2013,2
Sameer Ahmad Ansari,2014,3
Sameer Ahmad Ansari,2015,3
Sameer Ahmad Ansari,2016,4
Sameer Ahmad Ansari,2017,1
Sameer Ahmad Ansari,2018,4
Sameer Ahmad Ansari,2019,1
Sameer Ahmad Ansari,2020,7
Sameer Ahmad Ansari,2021,4
Sameer Ahmad Ansari,2022,12
Sameer Ahmad Ansari,2023,4
Sameer Ahmad Ansari,2024,2
Claire A. Coyne,2014,1
Claire A. Coyne,2015,0
Claire A. Coyne,2016,1
Claire A. Coyne,2017,1
Teresa H. Horton,2002,2
Teresa H. Horton,2003,2
Teresa H. Horton,2004,0
Teresa H. Horton,2005,0
Teresa H. Horton,2006,0
Teresa H. Horton,2007,2
Teresa H. Horton,2008,0
Teresa H. Horton,2009,0
Teresa H. Horton,2010,0
Teresa H. Horton,2011,1
Teresa H. Horton,2012,0
Teresa H. Horton,2013,0
Teresa H. Horton,2014,0
Teresa H. Horton,2015,0
Teresa H. Horton,2016,1
Teresa H. Horton,2017,0
Teresa H. Horton,2018,0
Teresa H. Horton,2019,1
Teresa H. Horton,2020,0
Teresa H. Horton,2021,1
Teresa H. Horton,2022,0
Teresa H. Horton,2023,1
Elizabeth A. Hahn,2007,1
Elizabeth A. Hahn,2008,0
Elizabeth A. Hahn,2009,5
Elizabeth A. Hahn,2010,4
Elizabeth A. Hahn,2011,3
Elizabeth A. Hahn,2012,8
Elizabeth A. Hahn,2013,6
Elizabeth A. Hahn,2014,3
Elizabeth A. Hahn,2015,5
Elizabeth A. Hahn,2016,3
Elizabeth A. Hahn,2017,2
Elizabeth A. Hahn,2018,1
Elizabeth A. Hahn,2019,1
Keith Edward Gordon,2016,5
Keith Edward Gordon,2017,1
Keith Edward Gordon,2018,1
Keith Edward Gordon,2019,4
Keith Edward Gordon,2020,4
Keith Edward Gordon,2021,2
Keith Edward Gordon,2022,1
Keith Edward Gordon,2023,1
Keith Edward Gordon,2024,1
Diane Chen,2015,5
Diane Chen,2016,2
Diane Chen,2017,4
Diane Chen,2018,2
Diane Chen,2019,2
Sumanas Wanant Jordan,2017,1
Sumanas Wanant Jordan,2018,0
Sumanas Wanant Jordan,2019,3
Sumanas Wanant Jordan,2020,1
Sumanas Wanant Jordan,2021,1
Sumanas Wanant Jordan,2022,0
Sumanas Wanant Jordan,2023,0
Sumanas Wanant Jordan,2024,1
Erika E. Lawrence,2019,1
Erika E. Lawrence,2020,1
Douglas Mathew Sidle,2016,1
Theresa L. Walunas,2011,1
Theresa L. Walunas,2012,3
Theresa L. Walunas,2013,2
Theresa L. Walunas,2014,1
Theresa L. Walunas,2015,5
Theresa L. Walunas,2016,1
Theresa L. Walunas,2017,3
Theresa L. Walunas,2018,2
Theresa L. Walunas,2019,8
Theresa L. Walunas,2020,7
Theresa L. Walunas,2021,3
Theresa L. Walunas,2022,6
Theresa L. Walunas,2023,2
Theresa L. Walunas,2024,5
Angelo P. Tanna,2004,2
Angelo P. Tanna,2005,0
Angelo P. Tanna,2006,0
Angelo P. Tanna,2007,1
Angelo P. Tanna,2008,1
Angelo P. Tanna,2009,0
Angelo P. Tanna,2010,0
Angelo P. Tanna,2011,0
Angelo P. Tanna,2012,1
Angelo P. Tanna,2013,0
Angelo P. Tanna,2014,0
Angelo P. Tanna,2015,0
Angelo P. Tanna,2016,1
Angelo P. Tanna,2017,0
Angelo P. Tanna,2018,1
Angelo P. Tanna,2019,0
Angelo P. Tanna,2020,1
Angelo P. Tanna,2021,3
Emanuelle Araujo Lima Bellaguarda,2017,4
Emanuelle Araujo Lima Bellaguarda,2018,3
Emanuelle Araujo Lima Bellaguarda,2019,4
Emanuelle Araujo Lima Bellaguarda,2020,3
Emanuelle Araujo Lima Bellaguarda,2021,3
Emanuelle Araujo Lima Bellaguarda,2022,1
Aggelos K. Katsaggelos,1996,1
Aggelos K. Katsaggelos,1997,0
Aggelos K. Katsaggelos,1998,0
Aggelos K. Katsaggelos,1999,0
Aggelos K. Katsaggelos,2000,0
Aggelos K. Katsaggelos,2001,0
Aggelos K. Katsaggelos,2002,0
Aggelos K. Katsaggelos,2003,1
Aggelos K. Katsaggelos,2004,0
Aggelos K. Katsaggelos,2005,6
Aggelos K. Katsaggelos,2006,0
Aggelos K. Katsaggelos,2007,2
Aggelos K. Katsaggelos,2008,0
Aggelos K. Katsaggelos,2009,1
Aggelos K. Katsaggelos,2010,2
Aggelos K. Katsaggelos,2011,1
Aggelos K. Katsaggelos,2012,0
Aggelos K. Katsaggelos,2013,1
Aggelos K. Katsaggelos,2014,1
Aggelos K. Katsaggelos,2015,3
Aggelos K. Katsaggelos,2016,1
Aggelos K. Katsaggelos,2017,3
Aggelos K. Katsaggelos,2018,2
Aggelos K. Katsaggelos,2019,3
Aggelos K. Katsaggelos,2020,3
Aggelos K. Katsaggelos,2021,9
Aggelos K. Katsaggelos,2022,3
Aggelos K. Katsaggelos,2023,4
Aggelos K. Katsaggelos,2024,1
Todd B. Parrish,2000,6
Todd B. Parrish,2001,0
Todd B. Parrish,2002,2
Todd B. Parrish,2003,5
Todd B. Parrish,2004,4
Todd B. Parrish,2005,4
Todd B. Parrish,2006,3
Todd B. Parrish,2007,8
Todd B. Parrish,2008,9
Todd B. Parrish,2009,3
Todd B. Parrish,2010,3
Todd B. Parrish,2011,4
Todd B. Parrish,2012,4
Todd B. Parrish,2013,6
Todd B. Parrish,2014,8
Todd B. Parrish,2015,4
Todd B. Parrish,2016,11
Todd B. Parrish,2017,3
Todd B. Parrish,2018,3
Todd B. Parrish,2019,6
Todd B. Parrish,2020,5
Todd B. Parrish,2021,5
Todd B. Parrish,2022,4
Todd B. Parrish,2023,3
Todd B. Parrish,2024,2
Sarah Chuzi,2018,1
Kathleen L. Grady,2006,3
Kathleen L. Grady,2007,0
Kathleen L. Grady,2008,0
Kathleen L. Grady,2009,0
Kathleen L. Grady,2010,0
Kathleen L. Grady,2011,1
Kathleen L. Grady,2012,1
Kathleen L. Grady,2013,1
Kathleen L. Grady,2014,0
Kathleen L. Grady,2015,1
Kathleen L. Grady,2016,2
Kathleen L. Grady,2017,0
Kathleen L. Grady,2018,1
Kathleen L. Grady,2019,0
Kathleen L. Grady,2020,0
Kathleen L. Grady,2021,1
Kenzie A. Cameron,2004,4
Kenzie A. Cameron,2005,2
Kenzie A. Cameron,2006,0
Kenzie A. Cameron,2007,1
Kenzie A. Cameron,2008,4
Kenzie A. Cameron,2009,4
Kenzie A. Cameron,2010,0
Kenzie A. Cameron,2011,4
Kenzie A. Cameron,2012,1
Kenzie A. Cameron,2013,2
Kenzie A. Cameron,2014,3
Kenzie A. Cameron,2015,4
Kenzie A. Cameron,2016,2
Kenzie A. Cameron,2017,2
Kenzie A. Cameron,2018,2
Kenzie A. Cameron,2019,3
Kenzie A. Cameron,2020,4
Kenzie A. Cameron,2021,0
Kenzie A. Cameron,2022,1
Kenzie A. Cameron,2023,1
Kenzie A. Cameron,2024,1
