investigator_full_name,year_id,num_external_grants
Dane M. Chetkovich,2009,
Dane M. Chetkovich,2010,
Dane M. Chetkovich,2011,
Dane M. Chetkovich,2012,
Dane M. Chetkovich,2013,
Dane M. Chetkovich,2014,
Dane M. Chetkovich,2015,
Dane M. Chetkovich,2016,
Dane M. Chetkovich,2017,
Dane M. Chetkovich,2018,
Dane M. Chetkovich,2019,
Ye Han,2009,
Ye Han,2010,
Ye Han,2011,
Ye Han,2012,
Ye Han,2013,
Ye Han,2014,
Ye Han,2015,
Ye Han,2016,
Ye Han,2017,
Ye Han,2018,
Ye Han,2019,
Mary Alison Mahieu,2009,
Mary Alison Mahieu,2010,
Mary Alison Mahieu,2011,
Mary Alison Mahieu,2012,
Mary Alison Mahieu,2013,
Mary Alison Mahieu,2014,
Mary Alison Mahieu,2015,
Mary Alison Mahieu,2016,
Mary Alison Mahieu,2017,
Mary Alison Mahieu,2018,
Mary Alison Mahieu,2019,
Rosalind Ramsey-Goldman,2009,
Rosalind Ramsey-Goldman,2010,
Rosalind Ramsey-Goldman,2011,
Rosalind Ramsey-Goldman,2012,
Rosalind Ramsey-Goldman,2013,
Rosalind Ramsey-Goldman,2014,
Rosalind Ramsey-Goldman,2015,
Rosalind Ramsey-Goldman,2016,
Rosalind Ramsey-Goldman,2017,
Rosalind Ramsey-Goldman,2018,
Rosalind Ramsey-Goldman,2019,
Marc H. Scheetz,2009,
Marc H. Scheetz,2010,
Marc H. Scheetz,2011,
Marc H. Scheetz,2012,
Marc H. Scheetz,2013,
Marc H. Scheetz,2014,
Marc H. Scheetz,2015,
Marc H. Scheetz,2016,
Marc H. Scheetz,2017,
Marc H. Scheetz,2018,
Marc H. Scheetz,2019,
Richard G. Wunderink,2009,
Richard G. Wunderink,2010,
Richard G. Wunderink,2011,
Richard G. Wunderink,2012,
Richard G. Wunderink,2013,
Richard G. Wunderink,2014,
Richard G. Wunderink,2015,
Richard G. Wunderink,2016,
Richard G. Wunderink,2017,
Richard G. Wunderink,2018,
Richard G. Wunderink,2019,
Claus-Peter Richter,2009,
Claus-Peter Richter,2010,
Claus-Peter Richter,2011,
Claus-Peter Richter,2012,
Claus-Peter Richter,2013,
Claus-Peter Richter,2014,
Claus-Peter Richter,2015,
Claus-Peter Richter,2016,
Claus-Peter Richter,2017,
Claus-Peter Richter,2018,
Claus-Peter Richter,2019,
Jacqueline J. Greene,2009,
Jacqueline J. Greene,2010,
Jacqueline J. Greene,2011,
Jacqueline J. Greene,2012,
Jacqueline J. Greene,2013,
Jacqueline J. Greene,2014,
Jacqueline J. Greene,2015,
Jacqueline J. Greene,2016,
Jacqueline J. Greene,2017,
Jacqueline J. Greene,2018,
Jacqueline J. Greene,2019,
Samuel I. Stupp,2009,
Samuel I. Stupp,2010,
Samuel I. Stupp,2011,
Samuel I. Stupp,2012,
Samuel I. Stupp,2013,
Samuel I. Stupp,2014,
Samuel I. Stupp,2015,
Samuel I. Stupp,2016,
Samuel I. Stupp,2017,
Samuel I. Stupp,2018,
Samuel I. Stupp,2019,
Colby Shad Thaxton,2009,
Colby Shad Thaxton,2010,
Colby Shad Thaxton,2011,
Colby Shad Thaxton,2012,
Colby Shad Thaxton,2013,
Colby Shad Thaxton,2014,
Colby Shad Thaxton,2015,
Colby Shad Thaxton,2016,
Colby Shad Thaxton,2017,
Colby Shad Thaxton,2018,
Colby Shad Thaxton,2019,
Jonathan S. Rink,2009,
Jonathan S. Rink,2010,
Jonathan S. Rink,2011,
Jonathan S. Rink,2012,
Jonathan S. Rink,2013,
Jonathan S. Rink,2014,
Jonathan S. Rink,2015,
Jonathan S. Rink,2016,
Jonathan S. Rink,2017,
Jonathan S. Rink,2018,
Jonathan S. Rink,2019,
Leo I. Gordon,2009,
Leo I. Gordon,2010,
Leo I. Gordon,2011,
Leo I. Gordon,2012,
Leo I. Gordon,2013,
Leo I. Gordon,2014,
Leo I. Gordon,2015,
Leo I. Gordon,2016,
Leo I. Gordon,2017,
Leo I. Gordon,2018,
Leo I. Gordon,2019,
Gildasio S. de Oliveira,2010,
Gildasio S. de Oliveira,2011,
Gildasio S. de Oliveira,2012,
Gildasio S. de Oliveira,2013,
Gildasio S. de Oliveira,2014,
Gildasio S. de Oliveira,2015,
Gildasio S. de Oliveira,2016,
Gildasio S. de Oliveira,2017,
Gildasio S. de Oliveira,2018,
Gildasio S. de Oliveira,2019,
Gildasio S. de Oliveira,2020,
John Y. S. Kim,2010,
John Y. S. Kim,2011,
John Y. S. Kim,2012,
John Y. S. Kim,2013,
John Y. S. Kim,2014,
John Y. S. Kim,2015,
John Y. S. Kim,2016,
John Y. S. Kim,2017,
John Y. S. Kim,2018,
John Y. S. Kim,2019,
John Y. S. Kim,2020,
Mark C. Kendall,2010,
Mark C. Kendall,2011,
Mark C. Kendall,2012,
Mark C. Kendall,2013,
Mark C. Kendall,2014,
Mark C. Kendall,2015,
Mark C. Kendall,2016,
Mark C. Kendall,2017,
Mark C. Kendall,2018,
Mark C. Kendall,2019,
Mark C. Kendall,2020,
Mohammed S. Alghoul,2010,
Mohammed S. Alghoul,2011,
Mohammed S. Alghoul,2012,
Mohammed S. Alghoul,2013,
Mohammed S. Alghoul,2014,
Mohammed S. Alghoul,2015,
Mohammed S. Alghoul,2016,
Mohammed S. Alghoul,2017,
Mohammed S. Alghoul,2018,
Mohammed S. Alghoul,2019,
Mohammed S. Alghoul,2020,
Steven T. Lanier,2010,
Steven T. Lanier,2011,
Steven T. Lanier,2012,
Steven T. Lanier,2013,
Steven T. Lanier,2014,
Steven T. Lanier,2015,
Steven T. Lanier,2016,
Steven T. Lanier,2017,
Steven T. Lanier,2018,
Steven T. Lanier,2019,
Steven T. Lanier,2020,
Bradley D. Allen,2010,
Bradley D. Allen,2011,
Bradley D. Allen,2012,
Bradley D. Allen,2013,
Bradley D. Allen,2014,
Bradley D. Allen,2015,
Bradley D. Allen,2016,
Bradley D. Allen,2017,
Bradley D. Allen,2018,
Bradley D. Allen,2019,
Bradley D. Allen,2020,
Daniele Procissi,2010,
Daniele Procissi,2011,
Daniele Procissi,2012,
Daniele Procissi,2013,
Daniele Procissi,2014,
Daniele Procissi,2015,
Daniele Procissi,2016,
Daniele Procissi,2017,
Daniele Procissi,2018,
Daniele Procissi,2019,
Daniele Procissi,2020,
James C. Carr,2010,
James C. Carr,2011,
James C. Carr,2012,
James C. Carr,2013,
James C. Carr,2014,
James C. Carr,2015,
James C. Carr,2016,
James C. Carr,2017,
James C. Carr,2018,
James C. Carr,2019,
James C. Carr,2020,
Michael Markl,2010,
Michael Markl,2011,
Michael Markl,2012,
Michael Markl,2013,
Michael Markl,2014,
Michael Markl,2015,
Michael Markl,2016,
Michael Markl,2017,
Michael Markl,2018,
Michael Markl,2019,
Michael Markl,2020,
Nausheen Ahkter,2010,
Nausheen Ahkter,2011,
Nausheen Ahkter,2012,
Nausheen Ahkter,2013,
Nausheen Ahkter,2014,
Nausheen Ahkter,2015,
Nausheen Ahkter,2016,
Nausheen Ahkter,2017,
Nausheen Ahkter,2018,
Nausheen Ahkter,2019,
Nausheen Ahkter,2020,
William J. Gradishar,2010,
William J. Gradishar,2011,
William J. Gradishar,2012,
William J. Gradishar,2013,
William J. Gradishar,2014,
William J. Gradishar,2015,
William J. Gradishar,2016,
William J. Gradishar,2017,
William J. Gradishar,2018,
William J. Gradishar,2019,
William J. Gradishar,2020,
Alexis A. Thompson,2010,
Alexis A. Thompson,2011,
Alexis A. Thompson,2012,
Alexis A. Thompson,2013,
Alexis A. Thompson,2014,
Alexis A. Thompson,2015,
Alexis A. Thompson,2016,
Alexis A. Thompson,2017,
Alexis A. Thompson,2018,
Alexis A. Thompson,2019,
Alexis A. Thompson,2020,
John K. Chapin,2010,
John K. Chapin,2011,
John K. Chapin,2012,
John K. Chapin,2013,
John K. Chapin,2014,
John K. Chapin,2015,
John K. Chapin,2016,
John K. Chapin,2017,
John K. Chapin,2018,
John K. Chapin,2019,
John K. Chapin,2020,
Robert I. Liem,2010,
Robert I. Liem,2011,
Robert I. Liem,2012,
Robert I. Liem,2013,
Robert I. Liem,2014,
Robert I. Liem,2015,
Robert I. Liem,2016,
Robert I. Liem,2017,
Robert I. Liem,2018,
Robert I. Liem,2019,
Robert I. Liem,2020,
Sherif M. Badawy,2010,
Sherif M. Badawy,2011,
Sherif M. Badawy,2012,
Sherif M. Badawy,2013,
Sherif M. Badawy,2014,
Sherif M. Badawy,2015,
Sherif M. Badawy,2016,
Sherif M. Badawy,2017,
Sherif M. Badawy,2018,
Sherif M. Badawy,2019,
Sherif M. Badawy,2020,
Conrad L. Epting,2010,
Conrad L. Epting,2011,
Conrad L. Epting,2012,
Conrad L. Epting,2013,
Conrad L. Epting,2014,
Conrad L. Epting,2015,
Conrad L. Epting,2016,
Conrad L. Epting,2017,
Conrad L. Epting,2018,
Conrad L. Epting,2019,
Conrad L. Epting,2020,
Eric L. Wald,2010,
Eric L. Wald,2011,
Eric L. Wald,2012,
Eric L. Wald,2013,
Eric L. Wald,2014,
Eric L. Wald,2015,
Eric L. Wald,2016,
Eric L. Wald,2017,
Eric L. Wald,2018,
Eric L. Wald,2019,
Eric L. Wald,2020,
Vishal Gunnala,2010,
Vishal Gunnala,2011,
Vishal Gunnala,2012,
Vishal Gunnala,2013,
Vishal Gunnala,2014,
Vishal Gunnala,2015,
Vishal Gunnala,2016,
Vishal Gunnala,2017,
Vishal Gunnala,2018,
Vishal Gunnala,2019,
Vishal Gunnala,2020,
Karen L. Rychlik,2010,
Karen L. Rychlik,2011,
Karen L. Rychlik,2012,
Karen L. Rychlik,2013,
Karen L. Rychlik,2014,
Karen L. Rychlik,2015,
Karen L. Rychlik,2016,
Karen L. Rychlik,2017,
Karen L. Rychlik,2018,
Karen L. Rychlik,2019,
Karen L. Rychlik,2020,
Kelly N. Michelson,2010,
Kelly N. Michelson,2011,
Kelly N. Michelson,2012,
Kelly N. Michelson,2013,
Kelly N. Michelson,2014,
Kelly N. Michelson,2015,
Kelly N. Michelson,2016,
Kelly N. Michelson,2017,
Kelly N. Michelson,2018,
Kelly N. Michelson,2019,
Kelly N. Michelson,2020,
Dan Xu,2010,
Dan Xu,2011,
Dan Xu,2012,
Dan Xu,2013,
Dan Xu,2014,
Dan Xu,2015,
Dan Xu,2016,
Dan Xu,2017,
Dan Xu,2018,
Dan Xu,2019,
Dan Xu,2020,
John Varga,2010,
John Varga,2011,
John Varga,2012,
John Varga,2013,
John Varga,2014,
John Varga,2015,
John Varga,2016,
John Varga,2017,
John Varga,2018,
John Varga,2019,
John Varga,2020,
Stephen D. Miller,2010,
Stephen D. Miller,2011,
Stephen D. Miller,2012,
Stephen D. Miller,2013,
Stephen D. Miller,2014,
Stephen D. Miller,2015,
Stephen D. Miller,2016,
Stephen D. Miller,2017,
Stephen D. Miller,2018,
Stephen D. Miller,2019,
Stephen D. Miller,2020,
Swati Bhattacharyya,2010,
Swati Bhattacharyya,2011,
Swati Bhattacharyya,2012,
Swati Bhattacharyya,2013,
Swati Bhattacharyya,2014,
Swati Bhattacharyya,2015,
Swati Bhattacharyya,2016,
Swati Bhattacharyya,2017,
Swati Bhattacharyya,2018,
Swati Bhattacharyya,2019,
Swati Bhattacharyya,2020,
Alexander H. Stegh,2010,
Alexander H. Stegh,2011,
Alexander H. Stegh,2012,
Alexander H. Stegh,2013,
Alexander H. Stegh,2014,
Alexander H. Stegh,2015,
Alexander H. Stegh,2016,
Alexander H. Stegh,2017,
Alexander H. Stegh,2018,
Alexander H. Stegh,2019,
Alexander H. Stegh,2020,
Gary E. Schiltz,2010,
Gary E. Schiltz,2011,
Gary E. Schiltz,2012,
Gary E. Schiltz,2013,
Gary E. Schiltz,2014,
Gary E. Schiltz,2015,
Gary E. Schiltz,2016,
Gary E. Schiltz,2017,
Gary E. Schiltz,2018,
Gary E. Schiltz,2019,
Gary E. Schiltz,2020,
Rama K. Mishra,2010,
Rama K. Mishra,2011,
Rama K. Mishra,2012,
Rama K. Mishra,2013,
Rama K. Mishra,2014,
Rama K. Mishra,2015,
Rama K. Mishra,2016,
Rama K. Mishra,2017,
Rama K. Mishra,2018,
Rama K. Mishra,2019,
Rama K. Mishra,2020,
Ira Garoon,2010,
Ira Garoon,2011,
Ira Garoon,2012,
Ira Garoon,2013,
Ira Garoon,2014,
Ira Garoon,2015,
Ira Garoon,2016,
Ira Garoon,2017,
Ira Garoon,2018,
Ira Garoon,2019,
Ira Garoon,2020,
Olga V. Volpert,2010,
Olga V. Volpert,2011,
Olga V. Volpert,2012,
Olga V. Volpert,2013,
Olga V. Volpert,2014,
Olga V. Volpert,2015,
Olga V. Volpert,2016,
Olga V. Volpert,2017,
Olga V. Volpert,2018,
Olga V. Volpert,2019,
Olga V. Volpert,2020,
Casey M. Rand,2010,
Casey M. Rand,2011,
Casey M. Rand,2012,
Casey M. Rand,2013,
Casey M. Rand,2014,
Casey M. Rand,2015,
Casey M. Rand,2016,
Casey M. Rand,2017,
Casey M. Rand,2018,
Casey M. Rand,2019,
Casey M. Rand,2020,
Debra E. Weese-Mayer,2010,
Debra E. Weese-Mayer,2011,
Debra E. Weese-Mayer,2012,
Debra E. Weese-Mayer,2013,
Debra E. Weese-Mayer,2014,
Debra E. Weese-Mayer,2015,
Debra E. Weese-Mayer,2016,
Debra E. Weese-Mayer,2017,
Debra E. Weese-Mayer,2018,
Debra E. Weese-Mayer,2019,
Debra E. Weese-Mayer,2020,
Frank A. Zelko,2010,
Frank A. Zelko,2011,
Frank A. Zelko,2012,
Frank A. Zelko,2013,
Frank A. Zelko,2014,
Frank A. Zelko,2015,
Frank A. Zelko,2016,
Frank A. Zelko,2017,
Frank A. Zelko,2018,
Frank A. Zelko,2019,
Frank A. Zelko,2020,
David C. Mohr,2010,
David C. Mohr,2011,
David C. Mohr,2012,
David C. Mohr,2013,
David C. Mohr,2014,
David C. Mohr,2015,
David C. Mohr,2016,
David C. Mohr,2017,
David C. Mohr,2018,
David C. Mohr,2019,
David C. Mohr,2020,
Lynn M. Yee,2010,
Lynn M. Yee,2011,
Lynn M. Yee,2012,
Lynn M. Yee,2013,
Lynn M. Yee,2014,
Lynn M. Yee,2015,
Lynn M. Yee,2016,
Lynn M. Yee,2017,
Lynn M. Yee,2018,
Lynn M. Yee,2019,
Lynn M. Yee,2020,
Melissa A. Simon,2010,
Melissa A. Simon,2011,
Melissa A. Simon,2012,
Melissa A. Simon,2013,
Melissa A. Simon,2014,
Melissa A. Simon,2015,
Melissa A. Simon,2016,
Melissa A. Simon,2017,
Melissa A. Simon,2018,
Melissa A. Simon,2019,
Melissa A. Simon,2020,
Alfred W. Rademaker,2011,
Alfred W. Rademaker,2012,
Alfred W. Rademaker,2013,
Alfred W. Rademaker,2014,
Alfred W. Rademaker,2015,
Alfred W. Rademaker,2016,
Alfred W. Rademaker,2017,
Alfred W. Rademaker,2018,
Alfred W. Rademaker,2019,
Alfred W. Rademaker,2020,
Alfred W. Rademaker,2021,
Dachao Liu,2011,
Dachao Liu,2012,
Dachao Liu,2013,
Dachao Liu,2014,
Dachao Liu,2015,
Dachao Liu,2016,
Dachao Liu,2017,
Dachao Liu,2018,
Dachao Liu,2019,
Dachao Liu,2020,
Dachao Liu,2021,
Kehinde U. A. Adekola,2011,
Kehinde U. A. Adekola,2012,
Kehinde U. A. Adekola,2013,
Kehinde U. A. Adekola,2014,
Kehinde U. A. Adekola,2015,
Kehinde U. A. Adekola,2016,
Kehinde U. A. Adekola,2017,
Kehinde U. A. Adekola,2018,
Kehinde U. A. Adekola,2019,
Kehinde U. A. Adekola,2020,
Kehinde U. A. Adekola,2021,
Bin Jiang,2011,
Bin Jiang,2012,
Bin Jiang,2013,
Bin Jiang,2014,
Bin Jiang,2015,
Bin Jiang,2016,
Bin Jiang,2017,
Bin Jiang,2018,
Bin Jiang,2019,
Bin Jiang,2020,
Bin Jiang,2021,
Guillermo Antonio Ameer,2011,
Guillermo Antonio Ameer,2012,
Guillermo Antonio Ameer,2013,
Guillermo Antonio Ameer,2014,
Guillermo Antonio Ameer,2015,
Guillermo Antonio Ameer,2016,
Guillermo Antonio Ameer,2017,
Guillermo Antonio Ameer,2018,
Guillermo Antonio Ameer,2019,
Guillermo Antonio Ameer,2020,
Guillermo Antonio Ameer,2021,
Amy E. Armstrong,2011,
Amy E. Armstrong,2012,
Amy E. Armstrong,2013,
Amy E. Armstrong,2014,
Amy E. Armstrong,2015,
Amy E. Armstrong,2016,
Amy E. Armstrong,2017,
Amy E. Armstrong,2018,
Amy E. Armstrong,2019,
Amy E. Armstrong,2020,
Amy E. Armstrong,2021,
Sonali Chaudhury,2011,
Sonali Chaudhury,2012,
Sonali Chaudhury,2013,
Sonali Chaudhury,2014,
Sonali Chaudhury,2015,
Sonali Chaudhury,2016,
Sonali Chaudhury,2017,
Sonali Chaudhury,2018,
Sonali Chaudhury,2019,
Sonali Chaudhury,2020,
Sonali Chaudhury,2021,
William J. Muller,2011,
William J. Muller,2012,
William J. Muller,2013,
William J. Muller,2014,
William J. Muller,2015,
William J. Muller,2016,
William J. Muller,2017,
William J. Muller,2018,
William J. Muller,2019,
William J. Muller,2020,
William J. Muller,2021,
Rintaro Hashizume,2011,
Rintaro Hashizume,2012,
Rintaro Hashizume,2013,
Rintaro Hashizume,2014,
Rintaro Hashizume,2015,
Rintaro Hashizume,2016,
Rintaro Hashizume,2017,
Rintaro Hashizume,2018,
Rintaro Hashizume,2019,
Rintaro Hashizume,2020,
Rintaro Hashizume,2021,
Xingyao He,2011,
Xingyao He,2012,
Xingyao He,2013,
Xingyao He,2014,
Xingyao He,2015,
Xingyao He,2016,
Xingyao He,2017,
Xingyao He,2018,
Xingyao He,2019,
Xingyao He,2020,
Xingyao He,2021,
Alexander W. Korutz,2011,
Alexander W. Korutz,2012,
Alexander W. Korutz,2013,
Alexander W. Korutz,2014,
Alexander W. Korutz,2015,
Alexander W. Korutz,2016,
Alexander W. Korutz,2017,
Alexander W. Korutz,2018,
Alexander W. Korutz,2019,
Alexander W. Korutz,2020,
Alexander W. Korutz,2021,
Chen X. Lin,2011,
Chen X. Lin,2012,
Chen X. Lin,2013,
Chen X. Lin,2014,
Chen X. Lin,2015,
Chen X. Lin,2016,
Chen X. Lin,2017,
Chen X. Lin,2018,
Chen X. Lin,2019,
Chen X. Lin,2020,
Chen X. Lin,2021,
Shyam Prabhakaran,2011,
Shyam Prabhakaran,2012,
Shyam Prabhakaran,2013,
Shyam Prabhakaran,2014,
Shyam Prabhakaran,2015,
Shyam Prabhakaran,2016,
Shyam Prabhakaran,2017,
Shyam Prabhakaran,2018,
Shyam Prabhakaran,2019,
Shyam Prabhakaran,2020,
Shyam Prabhakaran,2021,
Jeffrey P. Gross,2011,
Jeffrey P. Gross,2012,
Jeffrey P. Gross,2013,
Jeffrey P. Gross,2014,
Jeffrey P. Gross,2015,
Jeffrey P. Gross,2016,
Jeffrey P. Gross,2017,
Jeffrey P. Gross,2018,
Jeffrey P. Gross,2019,
Jeffrey P. Gross,2020,
Jeffrey P. Gross,2021,
Timothy Joseph Kruser,2011,
Timothy Joseph Kruser,2012,
Timothy Joseph Kruser,2013,
Timothy Joseph Kruser,2014,
Timothy Joseph Kruser,2015,
Timothy Joseph Kruser,2016,
Timothy Joseph Kruser,2017,
Timothy Joseph Kruser,2018,
Timothy Joseph Kruser,2019,
Timothy Joseph Kruser,2020,
Timothy Joseph Kruser,2021,
Hara Levy,2011,
Hara Levy,2012,
Hara Levy,2013,
Hara Levy,2014,
Hara Levy,2015,
Hara Levy,2016,
Hara Levy,2017,
Hara Levy,2018,
Hara Levy,2019,
Hara Levy,2020,
Hara Levy,2021,
Xi Zhang,2011,
Xi Zhang,2012,
Xi Zhang,2013,
Xi Zhang,2014,
Xi Zhang,2015,
Xi Zhang,2016,
Xi Zhang,2017,
Xi Zhang,2018,
Xi Zhang,2019,
Xi Zhang,2020,
Xi Zhang,2021,
David H. Malone,2011,
David H. Malone,2012,
David H. Malone,2013,
David H. Malone,2014,
David H. Malone,2015,
David H. Malone,2016,
David H. Malone,2017,
David H. Malone,2018,
David H. Malone,2019,
David H. Malone,2020,
David H. Malone,2021,
Jamie Tully,2011,
Jamie Tully,2012,
Jamie Tully,2013,
Jamie Tully,2014,
Jamie Tully,2015,
Jamie Tully,2016,
Jamie Tully,2017,
Jamie Tully,2018,
Jamie Tully,2019,
Jamie Tully,2020,
Jamie Tully,2021,
Katherine Nickele,2011,
Katherine Nickele,2012,
Katherine Nickele,2013,
Katherine Nickele,2014,
Katherine Nickele,2015,
Katherine Nickele,2016,
Katherine Nickele,2017,
Katherine Nickele,2018,
Katherine Nickele,2019,
Katherine Nickele,2020,
Katherine Nickele,2021,
Lindsey Arenberg,2011,
Lindsey Arenberg,2012,
Lindsey Arenberg,2013,
Lindsey Arenberg,2014,
Lindsey Arenberg,2015,
Lindsey Arenberg,2016,
Lindsey Arenberg,2017,
Lindsey Arenberg,2018,
Lindsey Arenberg,2019,
Lindsey Arenberg,2020,
Lindsey Arenberg,2021,
Maryann Mason,2011,
Maryann Mason,2012,
Maryann Mason,2013,
Maryann Mason,2014,
Maryann Mason,2015,
Maryann Mason,2016,
Maryann Mason,2017,
Maryann Mason,2018,
Maryann Mason,2019,
Maryann Mason,2020,
Maryann Mason,2021,
Sarah B. Welch,2011,
Sarah B. Welch,2012,
Sarah B. Welch,2013,
Sarah B. Welch,2014,
Sarah B. Welch,2015,
Sarah B. Welch,2016,
Sarah B. Welch,2017,
Sarah B. Welch,2018,
Sarah B. Welch,2019,
Sarah B. Welch,2020,
Sarah B. Welch,2021,
Anjan Tibrewala,2011,
Anjan Tibrewala,2012,
Anjan Tibrewala,2013,
Anjan Tibrewala,2014,
Anjan Tibrewala,2015,
Anjan Tibrewala,2016,
Anjan Tibrewala,2017,
Anjan Tibrewala,2018,
Anjan Tibrewala,2019,
Anjan Tibrewala,2020,
Anjan Tibrewala,2021,
Benjamin Howard Freed,2011,
Benjamin Howard Freed,2012,
Benjamin Howard Freed,2013,
Benjamin Howard Freed,2014,
Benjamin Howard Freed,2015,
Benjamin Howard Freed,2016,
Benjamin Howard Freed,2017,
Benjamin Howard Freed,2018,
Benjamin Howard Freed,2019,
Benjamin Howard Freed,2020,
Benjamin Howard Freed,2021,
Rod S. Passman,2011,
Rod S. Passman,2012,
Rod S. Passman,2013,
Rod S. Passman,2014,
Rod S. Passman,2015,
Rod S. Passman,2016,
Rod S. Passman,2017,
Rod S. Passman,2018,
Rod S. Passman,2019,
Rod S. Passman,2020,
Rod S. Passman,2021,
Lisa Beth VanWagner,2011,
Lisa Beth VanWagner,2012,
Lisa Beth VanWagner,2013,
Lisa Beth VanWagner,2014,
Lisa Beth VanWagner,2015,
Lisa Beth VanWagner,2016,
Lisa Beth VanWagner,2017,
Lisa Beth VanWagner,2018,
Lisa Beth VanWagner,2019,
Lisa Beth VanWagner,2020,
Lisa Beth VanWagner,2021,
Mary Eugenia Rinella,2011,
Mary Eugenia Rinella,2012,
Mary Eugenia Rinella,2013,
Mary Eugenia Rinella,2014,
Mary Eugenia Rinella,2015,
Mary Eugenia Rinella,2016,
Mary Eugenia Rinella,2017,
Mary Eugenia Rinella,2018,
Mary Eugenia Rinella,2019,
Mary Eugenia Rinella,2020,
Mary Eugenia Rinella,2021,
Justyna A. Dobrowolska Zakaria,2011,
Justyna A. Dobrowolska Zakaria,2012,
Justyna A. Dobrowolska Zakaria,2013,
Justyna A. Dobrowolska Zakaria,2014,
Justyna A. Dobrowolska Zakaria,2015,
Justyna A. Dobrowolska Zakaria,2016,
Justyna A. Dobrowolska Zakaria,2017,
Justyna A. Dobrowolska Zakaria,2018,
Justyna A. Dobrowolska Zakaria,2019,
Justyna A. Dobrowolska Zakaria,2020,
Justyna A. Dobrowolska Zakaria,2021,
Robert J. Vassar,2011,
Robert J. Vassar,2012,
Robert J. Vassar,2013,
Robert J. Vassar,2014,
Robert J. Vassar,2015,
Robert J. Vassar,2016,
Robert J. Vassar,2017,
Robert J. Vassar,2018,
Robert J. Vassar,2019,
Robert J. Vassar,2020,
Robert J. Vassar,2021,
Lifang Hou,2011,
Lifang Hou,2012,
Lifang Hou,2013,
Lifang Hou,2014,
Lifang Hou,2015,
Lifang Hou,2016,
Lifang Hou,2017,
Lifang Hou,2018,
Lifang Hou,2019,
Lifang Hou,2020,
Lifang Hou,2021,
Wei Zhang,2011,
Wei Zhang,2012,
Wei Zhang,2013,
Wei Zhang,2014,
Wei Zhang,2015,
Wei Zhang,2016,
Wei Zhang,2017,
Wei Zhang,2018,
Wei Zhang,2019,
Wei Zhang,2020,
Wei Zhang,2021,
Babafemi O. Taiwo,2011,
Babafemi O. Taiwo,2012,
Babafemi O. Taiwo,2013,
Babafemi O. Taiwo,2014,
Babafemi O. Taiwo,2015,
Babafemi O. Taiwo,2016,
Babafemi O. Taiwo,2017,
Babafemi O. Taiwo,2018,
Babafemi O. Taiwo,2019,
Babafemi O. Taiwo,2020,
Babafemi O. Taiwo,2021,
Chad J. Achenbach,2011,
Chad J. Achenbach,2012,
Chad J. Achenbach,2013,
Chad J. Achenbach,2014,
Chad J. Achenbach,2015,
Chad J. Achenbach,2016,
Chad J. Achenbach,2017,
Chad J. Achenbach,2018,
Chad J. Achenbach,2019,
Chad J. Achenbach,2020,
Chad J. Achenbach,2021,
Frank Joseph Palella,2011,
Frank Joseph Palella,2012,
Frank Joseph Palella,2013,
Frank Joseph Palella,2014,
Frank Joseph Palella,2015,
Frank Joseph Palella,2016,
Frank Joseph Palella,2017,
Frank Joseph Palella,2018,
Frank Joseph Palella,2019,
Frank Joseph Palella,2020,
Frank Joseph Palella,2021,
Sudir Penugonda,2011,
Sudir Penugonda,2012,
Sudir Penugonda,2013,
Sudir Penugonda,2014,
Sudir Penugonda,2015,
Sudir Penugonda,2016,
Sudir Penugonda,2017,
Sudir Penugonda,2018,
Sudir Penugonda,2019,
Sudir Penugonda,2020,
Sudir Penugonda,2021,
James C. Carr,2021,
Jeremy D. Collins,2011,
Jeremy D. Collins,2012,
Jeremy D. Collins,2013,
Jeremy D. Collins,2014,
Jeremy D. Collins,2015,
Jeremy D. Collins,2016,
Jeremy D. Collins,2017,
Jeremy D. Collins,2018,
Jeremy D. Collins,2019,
Jeremy D. Collins,2020,
Jeremy D. Collins,2021,
Michael Markl,2021,
Riad Salem,2011,
Riad Salem,2012,
Riad Salem,2013,
Riad Salem,2014,
Riad Salem,2015,
Riad Salem,2016,
Riad Salem,2017,
Riad Salem,2018,
Riad Salem,2019,
Riad Salem,2020,
Riad Salem,2021,
Robert J. Lewandowski,2011,
Robert J. Lewandowski,2012,
Robert J. Lewandowski,2013,
Robert J. Lewandowski,2014,
Robert J. Lewandowski,2015,
Robert J. Lewandowski,2016,
Robert J. Lewandowski,2017,
Robert J. Lewandowski,2018,
Robert J. Lewandowski,2019,
Robert J. Lewandowski,2020,
Robert J. Lewandowski,2021,
Susanne Schnell,2011,
Susanne Schnell,2012,
Susanne Schnell,2013,
Susanne Schnell,2014,
Susanne Schnell,2015,
Susanne Schnell,2016,
Susanne Schnell,2017,
Susanne Schnell,2018,
Susanne Schnell,2019,
Susanne Schnell,2020,
Susanne Schnell,2021,
Daniel Montie Corcos,2011,
Daniel Montie Corcos,2012,
Daniel Montie Corcos,2013,
Daniel Montie Corcos,2014,
Daniel Montie Corcos,2015,
Daniel Montie Corcos,2016,
Daniel Montie Corcos,2017,
Daniel Montie Corcos,2018,
Daniel Montie Corcos,2019,
Daniel Montie Corcos,2020,
Daniel Montie Corcos,2021,
Jessica M. Wilson,2011,
Jessica M. Wilson,2012,
Jessica M. Wilson,2013,
Jessica M. Wilson,2014,
Jessica M. Wilson,2015,
Jessica M. Wilson,2016,
Jessica M. Wilson,2017,
Jessica M. Wilson,2018,
Jessica M. Wilson,2019,
Jessica M. Wilson,2020,
Jessica M. Wilson,2021,
Maria L. V. Dizon,2011,
Maria L. V. Dizon,2012,
Maria L. V. Dizon,2013,
Maria L. V. Dizon,2014,
Maria L. V. Dizon,2015,
Maria L. V. Dizon,2016,
Maria L. V. Dizon,2017,
Maria L. V. Dizon,2018,
Maria L. V. Dizon,2019,
Maria L. V. Dizon,2020,
Maria L. V. Dizon,2021,
Molly Schau,2011,
Molly Schau,2012,
Molly Schau,2013,
Molly Schau,2014,
Molly Schau,2015,
Molly Schau,2016,
Molly Schau,2017,
Molly Schau,2018,
Molly Schau,2019,
Molly Schau,2020,
Molly Schau,2021,
Bonnie Sue Essner,2011,
Bonnie Sue Essner,2012,
Bonnie Sue Essner,2013,
Bonnie Sue Essner,2014,
Bonnie Sue Essner,2015,
Bonnie Sue Essner,2016,
Bonnie Sue Essner,2017,
Bonnie Sue Essner,2018,
Bonnie Sue Essner,2019,
Bonnie Sue Essner,2020,
Bonnie Sue Essner,2021,
John V. Lavigne,2011,
John V. Lavigne,2012,
John V. Lavigne,2013,
John V. Lavigne,2014,
John V. Lavigne,2015,
John V. Lavigne,2016,
John V. Lavigne,2017,
John V. Lavigne,2018,
John V. Lavigne,2019,
John V. Lavigne,2020,
John V. Lavigne,2021,
Santhanam Suresh,2011,
Santhanam Suresh,2012,
Santhanam Suresh,2013,
Santhanam Suresh,2014,
Santhanam Suresh,2015,
Santhanam Suresh,2016,
Santhanam Suresh,2017,
Santhanam Suresh,2018,
Santhanam Suresh,2019,
Santhanam Suresh,2020,
Santhanam Suresh,2021,
Michael C. Fagen,2011,
Michael C. Fagen,2012,
Michael C. Fagen,2013,
Michael C. Fagen,2014,
Michael C. Fagen,2015,
Michael C. Fagen,2016,
Michael C. Fagen,2017,
Michael C. Fagen,2018,
Michael C. Fagen,2019,
Michael C. Fagen,2020,
Michael C. Fagen,2021,
Tiffany Pryor,2011,
Tiffany Pryor,2012,
Tiffany Pryor,2013,
Tiffany Pryor,2014,
Tiffany Pryor,2015,
Tiffany Pryor,2016,
Tiffany Pryor,2017,
Tiffany Pryor,2018,
Tiffany Pryor,2019,
Tiffany Pryor,2020,
Tiffany Pryor,2021,
Khalilah Latrece Gates,2011,
Khalilah Latrece Gates,2012,
Khalilah Latrece Gates,2013,
Khalilah Latrece Gates,2014,
Khalilah Latrece Gates,2015,
Khalilah Latrece Gates,2016,
Khalilah Latrece Gates,2017,
Khalilah Latrece Gates,2018,
Khalilah Latrece Gates,2019,
Khalilah Latrece Gates,2020,
Khalilah Latrece Gates,2021,
Ravi Kalhan,2011,
Ravi Kalhan,2012,
Ravi Kalhan,2013,
Ravi Kalhan,2014,
Ravi Kalhan,2015,
Ravi Kalhan,2016,
Ravi Kalhan,2017,
Ravi Kalhan,2018,
Ravi Kalhan,2019,
Ravi Kalhan,2020,
Ravi Kalhan,2021,
Carola Salvi,2011,
Carola Salvi,2012,
Carola Salvi,2013,
Carola Salvi,2014,
Carola Salvi,2015,
Carola Salvi,2016,
Carola Salvi,2017,
Carola Salvi,2018,
Carola Salvi,2019,
Carola Salvi,2020,
Carola Salvi,2021,
Jordan Henry Grafman,2011,
Jordan Henry Grafman,2012,
Jordan Henry Grafman,2013,
Jordan Henry Grafman,2014,
Jordan Henry Grafman,2015,
Jordan Henry Grafman,2016,
Jordan Henry Grafman,2017,
Jordan Henry Grafman,2018,
Jordan Henry Grafman,2019,
Jordan Henry Grafman,2020,
Jordan Henry Grafman,2021,
Tanya Simuni,2011,
Tanya Simuni,2012,
Tanya Simuni,2013,
Tanya Simuni,2014,
Tanya Simuni,2015,
Tanya Simuni,2016,
Tanya Simuni,2017,
Tanya Simuni,2018,
Tanya Simuni,2019,
Tanya Simuni,2020,
Tanya Simuni,2021,
Abbi D. Lane-Cordova,2011,
Abbi D. Lane-Cordova,2012,
Abbi D. Lane-Cordova,2013,
Abbi D. Lane-Cordova,2014,
Abbi D. Lane-Cordova,2015,
Abbi D. Lane-Cordova,2016,
Abbi D. Lane-Cordova,2017,
Abbi D. Lane-Cordova,2018,
Abbi D. Lane-Cordova,2019,
Abbi D. Lane-Cordova,2020,
Abbi D. Lane-Cordova,2021,
Mark K. Santillan,2011,
Mark K. Santillan,2012,
Mark K. Santillan,2013,
Mark K. Santillan,2014,
Mark K. Santillan,2015,
Mark K. Santillan,2016,
Mark K. Santillan,2017,
Mark K. Santillan,2018,
Mark K. Santillan,2019,
Mark K. Santillan,2020,
Mark K. Santillan,2021,
Nicholas J. Volpe,2011,
Nicholas J. Volpe,2012,
Nicholas J. Volpe,2013,
Nicholas J. Volpe,2014,
Nicholas J. Volpe,2015,
Nicholas J. Volpe,2016,
Nicholas J. Volpe,2017,
Nicholas J. Volpe,2018,
Nicholas J. Volpe,2019,
Nicholas J. Volpe,2020,
Nicholas J. Volpe,2021,
Paul A. Knepper,2011,
Paul A. Knepper,2012,
Paul A. Knepper,2013,
Paul A. Knepper,2014,
Paul A. Knepper,2015,
Paul A. Knepper,2016,
Paul A. Knepper,2017,
Paul A. Knepper,2018,
Paul A. Knepper,2019,
Paul A. Knepper,2020,
Paul A. Knepper,2021,
Abel N. Kho,2011,
Abel N. Kho,2012,
Abel N. Kho,2013,
Abel N. Kho,2014,
Abel N. Kho,2015,
Abel N. Kho,2016,
Abel N. Kho,2017,
Abel N. Kho,2018,
Abel N. Kho,2019,
Abel N. Kho,2020,
Abel N. Kho,2021,
Anton I. Skaro,2011,
Anton I. Skaro,2012,
Anton I. Skaro,2013,
Anton I. Skaro,2014,
Anton I. Skaro,2015,
Anton I. Skaro,2016,
Anton I. Skaro,2017,
Anton I. Skaro,2018,
Anton I. Skaro,2019,
Anton I. Skaro,2020,
Anton I. Skaro,2021,
Daniela P. Ladner,2011,
Daniela P. Ladner,2012,
Daniela P. Ladner,2013,
Daniela P. Ladner,2014,
Daniela P. Ladner,2015,
Daniela P. Ladner,2016,
Daniela P. Ladner,2017,
Daniela P. Ladner,2018,
Daniela P. Ladner,2019,
Daniela P. Ladner,2020,
Daniela P. Ladner,2021,
Lihui Zhao,2011,
Lihui Zhao,2012,
Lihui Zhao,2013,
Lihui Zhao,2014,
Lihui Zhao,2015,
Lihui Zhao,2016,
Lihui Zhao,2017,
Lihui Zhao,2018,
Lihui Zhao,2019,
Lihui Zhao,2020,
Lihui Zhao,2021,
Satyender Goel,2011,
Satyender Goel,2012,
Satyender Goel,2013,
Satyender Goel,2014,
Satyender Goel,2015,
Satyender Goel,2016,
Satyender Goel,2017,
Satyender Goel,2018,
Satyender Goel,2019,
Satyender Goel,2020,
Satyender Goel,2021,
Alexander V. Misharin,2011,
Alexander V. Misharin,2012,
Alexander V. Misharin,2013,
Alexander V. Misharin,2014,
Alexander V. Misharin,2015,
Alexander V. Misharin,2016,
Alexander V. Misharin,2017,
Alexander V. Misharin,2018,
Alexander V. Misharin,2019,
Alexander V. Misharin,2020,
Alexander V. Misharin,2021,
Karen K. Mestan,2011,
Karen K. Mestan,2012,
Karen K. Mestan,2013,
Karen K. Mestan,2014,
Karen K. Mestan,2015,
Karen K. Mestan,2016,
Karen K. Mestan,2017,
Karen K. Mestan,2018,
Karen K. Mestan,2019,
Karen K. Mestan,2020,
Karen K. Mestan,2021,
Maria C. Molina,2011,
Maria C. Molina,2012,
Maria C. Molina,2013,
Maria C. Molina,2014,
Maria C. Molina,2015,
Maria C. Molina,2016,
Maria C. Molina,2017,
Maria C. Molina,2018,
Maria C. Molina,2019,
Maria C. Molina,2020,
Maria C. Molina,2021,
Matthew James O達rien,2011,
Matthew James O達rien,2012,
Matthew James O達rien,2013,
Matthew James O達rien,2014,
Matthew James O達rien,2015,
Matthew James O達rien,2016,
Matthew James O達rien,2017,
Matthew James O達rien,2018,
Matthew James O達rien,2019,
Matthew James O達rien,2020,
Matthew James O達rien,2021,
Amelie Petitclerc,2011,
Amelie Petitclerc,2012,
Amelie Petitclerc,2013,
Amelie Petitclerc,2014,
Amelie Petitclerc,2015,
Amelie Petitclerc,2016,
Amelie Petitclerc,2017,
Amelie Petitclerc,2018,
Amelie Petitclerc,2019,
Amelie Petitclerc,2020,
Amelie Petitclerc,2021,
Dorota Biedzio,2011,
Dorota Biedzio,2012,
Dorota Biedzio,2013,
Dorota Biedzio,2014,
Dorota Biedzio,2015,
Dorota Biedzio,2016,
Dorota Biedzio,2017,
Dorota Biedzio,2018,
Dorota Biedzio,2019,
Dorota Biedzio,2020,
Dorota Biedzio,2021,
Makeda Springette,2011,
Makeda Springette,2012,
Makeda Springette,2013,
Makeda Springette,2014,
Makeda Springette,2015,
Makeda Springette,2016,
Makeda Springette,2017,
Makeda Springette,2018,
Makeda Springette,2019,
Makeda Springette,2020,
Makeda Springette,2021,
Sara Lynn Shaunfield,2011,
Sara Lynn Shaunfield,2012,
Sara Lynn Shaunfield,2013,
Sara Lynn Shaunfield,2014,
Sara Lynn Shaunfield,2015,
Sara Lynn Shaunfield,2016,
Sara Lynn Shaunfield,2017,
Sara Lynn Shaunfield,2018,
Sara Lynn Shaunfield,2019,
Sara Lynn Shaunfield,2020,
Sara Lynn Shaunfield,2021,
Bin Zhang,2011,
Bin Zhang,2012,
Bin Zhang,2013,
Bin Zhang,2014,
Bin Zhang,2015,
Bin Zhang,2016,
Bin Zhang,2017,
Bin Zhang,2018,
Bin Zhang,2019,
Bin Zhang,2020,
Bin Zhang,2021,
Kate Poropatich,2011,
Kate Poropatich,2012,
Kate Poropatich,2013,
Kate Poropatich,2014,
Kate Poropatich,2015,
Kate Poropatich,2016,
Kate Poropatich,2017,
Kate Poropatich,2018,
Kate Poropatich,2019,
Kate Poropatich,2020,
Kate Poropatich,2021,
Jennifer L. Reichek,2011,
Jennifer L. Reichek,2012,
Jennifer L. Reichek,2013,
Jennifer L. Reichek,2014,
Jennifer L. Reichek,2015,
Jennifer L. Reichek,2016,
Jennifer L. Reichek,2017,
Jennifer L. Reichek,2018,
Jennifer L. Reichek,2019,
Jennifer L. Reichek,2020,
Jennifer L. Reichek,2021,
Jill Hibishman Samis,2011,
Jill Hibishman Samis,2012,
Jill Hibishman Samis,2013,
Jill Hibishman Samis,2014,
Jill Hibishman Samis,2015,
Jill Hibishman Samis,2016,
Jill Hibishman Samis,2017,
Jill Hibishman Samis,2018,
Jill Hibishman Samis,2019,
Jill Hibishman Samis,2020,
Jill Hibishman Samis,2021,
Karina Danner-Koptik,2011,
Karina Danner-Koptik,2012,
Karina Danner-Koptik,2013,
Karina Danner-Koptik,2014,
Karina Danner-Koptik,2015,
Karina Danner-Koptik,2016,
Karina Danner-Koptik,2017,
Karina Danner-Koptik,2018,
Karina Danner-Koptik,2019,
Karina Danner-Koptik,2020,
Karina Danner-Koptik,2021,
Morris Kletzel,2011,
Morris Kletzel,2012,
Morris Kletzel,2013,
Morris Kletzel,2014,
Morris Kletzel,2015,
Morris Kletzel,2016,
Morris Kletzel,2017,
Morris Kletzel,2018,
Morris Kletzel,2019,
Morris Kletzel,2020,
Morris Kletzel,2021,
Linda Van Van Horn,2011,
Linda Van Van Horn,2012,
Linda Van Van Horn,2013,
Linda Van Van Horn,2014,
Linda Van Van Horn,2015,
Linda Van Van Horn,2016,
Linda Van Van Horn,2017,
Linda Van Van Horn,2018,
Linda Van Van Horn,2019,
Linda Van Van Horn,2020,
Linda Van Van Horn,2021,
Thanh Huyen Vu,2011,
Thanh Huyen Vu,2012,
Thanh Huyen Vu,2013,
Thanh Huyen Vu,2014,
Thanh Huyen Vu,2015,
Thanh Huyen Vu,2016,
Thanh Huyen Vu,2017,
Thanh Huyen Vu,2018,
Thanh Huyen Vu,2019,
Thanh Huyen Vu,2020,
Thanh Huyen Vu,2021,
Kenneth R. Weingardt,2011,
Kenneth R. Weingardt,2012,
Kenneth R. Weingardt,2013,
Kenneth R. Weingardt,2014,
Kenneth R. Weingardt,2015,
Kenneth R. Weingardt,2016,
Kenneth R. Weingardt,2017,
Kenneth R. Weingardt,2018,
Kenneth R. Weingardt,2019,
Kenneth R. Weingardt,2020,
Kenneth R. Weingardt,2021,
Lynn M. Yee,2021,
Melissa A. Simon,2021,
Charles J. Heckman,2012,
Charles J. Heckman,2013,
Charles J. Heckman,2014,
Charles J. Heckman,2015,
Charles J. Heckman,2016,
Charles J. Heckman,2017,
Charles J. Heckman,2018,
Charles J. Heckman,2019,
Charles J. Heckman,2020,
Charles J. Heckman,2021,
Charles J. Heckman,2022,
Matthieu Kevin Chardon,2012,
Matthieu Kevin Chardon,2013,
Matthieu Kevin Chardon,2014,
Matthieu Kevin Chardon,2015,
Matthieu Kevin Chardon,2016,
Matthieu Kevin Chardon,2017,
Matthieu Kevin Chardon,2018,
Matthieu Kevin Chardon,2019,
Matthieu Kevin Chardon,2020,
Matthieu Kevin Chardon,2021,
Matthieu Kevin Chardon,2022,
Daniel K. Mroczek,2012,
Daniel K. Mroczek,2013,
Daniel K. Mroczek,2014,
Daniel K. Mroczek,2015,
Daniel K. Mroczek,2016,
Daniel K. Mroczek,2017,
Daniel K. Mroczek,2018,
Daniel K. Mroczek,2019,
Daniel K. Mroczek,2020,
Daniel K. Mroczek,2021,
Daniel K. Mroczek,2022,
David M. Condon,2012,
David M. Condon,2013,
David M. Condon,2014,
David M. Condon,2015,
David M. Condon,2016,
David M. Condon,2017,
David M. Condon,2018,
David M. Condon,2019,
David M. Condon,2020,
David M. Condon,2021,
David M. Condon,2022,
Neil J. Stone,2012,
Neil J. Stone,2013,
Neil J. Stone,2014,
Neil J. Stone,2015,
Neil J. Stone,2016,
Neil J. Stone,2017,
Neil J. Stone,2018,
Neil J. Stone,2019,
Neil J. Stone,2020,
Neil J. Stone,2021,
Neil J. Stone,2022,
Mehmet E. Dokucu,2012,
Mehmet E. Dokucu,2013,
Mehmet E. Dokucu,2014,
Mehmet E. Dokucu,2015,
Mehmet E. Dokucu,2016,
Mehmet E. Dokucu,2017,
Mehmet E. Dokucu,2018,
Mehmet E. Dokucu,2019,
Mehmet E. Dokucu,2020,
Mehmet E. Dokucu,2021,
Mehmet E. Dokucu,2022,
Melody Fairchild,2012,
Melody Fairchild,2013,
Melody Fairchild,2014,
Melody Fairchild,2015,
Melody Fairchild,2016,
Melody Fairchild,2017,
Melody Fairchild,2018,
Melody Fairchild,2019,
Melody Fairchild,2020,
Melody Fairchild,2021,
Melody Fairchild,2022,
Elizabeth M. McNally,2012,
Elizabeth M. McNally,2013,
Elizabeth M. McNally,2014,
Elizabeth M. McNally,2015,
Elizabeth M. McNally,2016,
Elizabeth M. McNally,2017,
Elizabeth M. McNally,2018,
Elizabeth M. McNally,2019,
Elizabeth M. McNally,2020,
Elizabeth M. McNally,2021,
Elizabeth M. McNally,2022,
James C. Carr,2022,
Jane E. Wilcox,2012,
Jane E. Wilcox,2013,
Jane E. Wilcox,2014,
Jane E. Wilcox,2015,
Jane E. Wilcox,2016,
Jane E. Wilcox,2017,
Jane E. Wilcox,2018,
Jane E. Wilcox,2019,
Jane E. Wilcox,2020,
Jane E. Wilcox,2021,
Jane E. Wilcox,2022,
Sadiya Sana Khan,2012,
Sadiya Sana Khan,2013,
Sadiya Sana Khan,2014,
Sadiya Sana Khan,2015,
Sadiya Sana Khan,2016,
Sadiya Sana Khan,2017,
Sadiya Sana Khan,2018,
Sadiya Sana Khan,2019,
Sadiya Sana Khan,2020,
Sadiya Sana Khan,2021,
Sadiya Sana Khan,2022,
John D. Crispino,2012,
John D. Crispino,2013,
John D. Crispino,2014,
John D. Crispino,2015,
John D. Crispino,2016,
John D. Crispino,2017,
John D. Crispino,2018,
John D. Crispino,2019,
John D. Crispino,2020,
John D. Crispino,2021,
John D. Crispino,2022,
Joshua N. Leonard,2012,
Joshua N. Leonard,2013,
Joshua N. Leonard,2014,
Joshua N. Leonard,2015,
Joshua N. Leonard,2016,
Joshua N. Leonard,2017,
Joshua N. Leonard,2018,
Joshua N. Leonard,2019,
Joshua N. Leonard,2020,
Joshua N. Leonard,2021,
Joshua N. Leonard,2022,
Elliott J. Rouse,2012,
Elliott J. Rouse,2013,
Elliott J. Rouse,2014,
Elliott J. Rouse,2015,
Elliott J. Rouse,2016,
Elliott J. Rouse,2017,
Elliott J. Rouse,2018,
Elliott J. Rouse,2019,
Elliott J. Rouse,2020,
Elliott J. Rouse,2021,
Elliott J. Rouse,2022,
Matthew Justin Major,2012,
Matthew Justin Major,2013,
Matthew Justin Major,2014,
Matthew Justin Major,2015,
Matthew Justin Major,2016,
Matthew Justin Major,2017,
Matthew Justin Major,2018,
Matthew Justin Major,2019,
Matthew Justin Major,2020,
Matthew Justin Major,2021,
Matthew Justin Major,2022,
Jack Anthony Anthony Gilbert,2012,
Jack Anthony Anthony Gilbert,2013,
Jack Anthony Anthony Gilbert,2014,
Jack Anthony Anthony Gilbert,2015,
Jack Anthony Anthony Gilbert,2016,
Jack Anthony Anthony Gilbert,2017,
Jack Anthony Anthony Gilbert,2018,
Jack Anthony Anthony Gilbert,2019,
Jack Anthony Anthony Gilbert,2020,
Jack Anthony Anthony Gilbert,2021,
Jack Anthony Anthony Gilbert,2022,
Kimberly Sue Kenton,2012,
Kimberly Sue Kenton,2013,
Kimberly Sue Kenton,2014,
Kimberly Sue Kenton,2015,
Kimberly Sue Kenton,2016,
Kimberly Sue Kenton,2017,
Kimberly Sue Kenton,2018,
Kimberly Sue Kenton,2019,
Kimberly Sue Kenton,2020,
Kimberly Sue Kenton,2021,
Kimberly Sue Kenton,2022,
Margaret G. Mueller,2012,
Margaret G. Mueller,2013,
Margaret G. Mueller,2014,
Margaret G. Mueller,2015,
Margaret G. Mueller,2016,
Margaret G. Mueller,2017,
Margaret G. Mueller,2018,
Margaret G. Mueller,2019,
Margaret G. Mueller,2020,
Margaret G. Mueller,2021,
Margaret G. Mueller,2022,
Dominica F. McBride,2012,
Dominica F. McBride,2013,
Dominica F. McBride,2014,
Dominica F. McBride,2015,
Dominica F. McBride,2016,
Dominica F. McBride,2017,
Dominica F. McBride,2018,
Dominica F. McBride,2019,
Dominica F. McBride,2020,
Dominica F. McBride,2021,
Dominica F. McBride,2022,
Kavitha Selvaraj,2012,
Kavitha Selvaraj,2013,
Kavitha Selvaraj,2014,
Kavitha Selvaraj,2015,
Kavitha Selvaraj,2016,
Kavitha Selvaraj,2017,
Kavitha Selvaraj,2018,
Kavitha Selvaraj,2019,
Kavitha Selvaraj,2020,
Kavitha Selvaraj,2021,
Kavitha Selvaraj,2022,
Maggie Litgen,2012,
Maggie Litgen,2013,
Maggie Litgen,2014,
Maggie Litgen,2015,
Maggie Litgen,2016,
Maggie Litgen,2017,
Maggie Litgen,2018,
Maggie Litgen,2019,
Maggie Litgen,2020,
Maggie Litgen,2021,
Maggie Litgen,2022,
Margie J. Schaps,2012,
Margie J. Schaps,2013,
Margie J. Schaps,2014,
Margie J. Schaps,2015,
Margie J. Schaps,2016,
Margie J. Schaps,2017,
Margie J. Schaps,2018,
Margie J. Schaps,2019,
Margie J. Schaps,2020,
Margie J. Schaps,2021,
Margie J. Schaps,2022,
Elizabeth Martinez,2012,
Elizabeth Martinez,2013,
Elizabeth Martinez,2014,
Elizabeth Martinez,2015,
Elizabeth Martinez,2016,
Elizabeth Martinez,2017,
Elizabeth Martinez,2018,
Elizabeth Martinez,2019,
Elizabeth Martinez,2020,
Elizabeth Martinez,2021,
Elizabeth Martinez,2022,
Kirsten Marie Simonton,2012,
Kirsten Marie Simonton,2013,
Kirsten Marie Simonton,2014,
Kirsten Marie Simonton,2015,
Kirsten Marie Simonton,2016,
Kirsten Marie Simonton,2017,
Kirsten Marie Simonton,2018,
Kirsten Marie Simonton,2019,
Kirsten Marie Simonton,2020,
Kirsten Marie Simonton,2021,
Kirsten Marie Simonton,2022,
Justyna A. Dobrowolska Zakaria,2022,
Robert J. Vassar,2022,
Adam B. Weiner,2012,
Adam B. Weiner,2013,
Adam B. Weiner,2014,
Adam B. Weiner,2015,
Adam B. Weiner,2016,
Adam B. Weiner,2017,
Adam B. Weiner,2018,
Adam B. Weiner,2019,
Adam B. Weiner,2020,
Adam B. Weiner,2021,
Adam B. Weiner,2022,
Shilajit D. Kundu,2012,
Shilajit D. Kundu,2013,
Shilajit D. Kundu,2014,
Shilajit D. Kundu,2015,
Shilajit D. Kundu,2016,
Shilajit D. Kundu,2017,
Shilajit D. Kundu,2018,
Shilajit D. Kundu,2019,
Shilajit D. Kundu,2020,
Shilajit D. Kundu,2021,
Shilajit D. Kundu,2022,
Abdullah Almaghraby,2013,
Abdullah Almaghraby,2014,
Abdullah Almaghraby,2015,
Abdullah Almaghraby,2016,
Abdullah Almaghraby,2017,
Abdullah Almaghraby,2018,
Abdullah Almaghraby,2019,
Abdullah Almaghraby,2020,
Abdullah Almaghraby,2021,
Abdullah Almaghraby,2022,
Abdullah Almaghraby,2023,
Natasha Pillay Pillay Smiley,2013,
Natasha Pillay Pillay Smiley,2014,
Natasha Pillay Pillay Smiley,2015,
Natasha Pillay Pillay Smiley,2016,
Natasha Pillay Pillay Smiley,2017,
Natasha Pillay Pillay Smiley,2018,
Natasha Pillay Pillay Smiley,2019,
Natasha Pillay Pillay Smiley,2020,
Natasha Pillay Pillay Smiley,2021,
Natasha Pillay Pillay Smiley,2022,
Natasha Pillay Pillay Smiley,2023,
Reema L. Habiby,2013,
Reema L. Habiby,2014,
Reema L. Habiby,2015,
Reema L. Habiby,2016,
Reema L. Habiby,2017,
Reema L. Habiby,2018,
Reema L. Habiby,2019,
Reema L. Habiby,2020,
Reema L. Habiby,2021,
Reema L. Habiby,2022,
Reema L. Habiby,2023,
Elizabeth M. Waldron,2013,
Elizabeth M. Waldron,2014,
Elizabeth M. Waldron,2015,
Elizabeth M. Waldron,2016,
Elizabeth M. Waldron,2017,
Elizabeth M. Waldron,2018,
Elizabeth M. Waldron,2019,
Elizabeth M. Waldron,2020,
Elizabeth M. Waldron,2021,
Elizabeth M. Waldron,2022,
Elizabeth M. Waldron,2023,
Inger E. Burnett-Zeigler,2013,
Inger E. Burnett-Zeigler,2014,
Inger E. Burnett-Zeigler,2015,
Inger E. Burnett-Zeigler,2016,
Inger E. Burnett-Zeigler,2017,
Inger E. Burnett-Zeigler,2018,
Inger E. Burnett-Zeigler,2019,
Inger E. Burnett-Zeigler,2020,
Inger E. Burnett-Zeigler,2021,
Inger E. Burnett-Zeigler,2022,
Inger E. Burnett-Zeigler,2023,
Hongxin Dong,2013,
Hongxin Dong,2014,
Hongxin Dong,2015,
Hongxin Dong,2016,
Hongxin Dong,2017,
Hongxin Dong,2018,
Hongxin Dong,2019,
Hongxin Dong,2020,
Hongxin Dong,2021,
Hongxin Dong,2022,
Hongxin Dong,2023,
Saikat Chakraborty,2013,
Saikat Chakraborty,2014,
Saikat Chakraborty,2015,
Saikat Chakraborty,2016,
Saikat Chakraborty,2017,
Saikat Chakraborty,2018,
Saikat Chakraborty,2019,
Saikat Chakraborty,2020,
Saikat Chakraborty,2021,
Saikat Chakraborty,2022,
Saikat Chakraborty,2023,
Jason Espinoza,2013,
Jason Espinoza,2014,
Jason Espinoza,2015,
Jason Espinoza,2016,
Jason Espinoza,2017,
Jason Espinoza,2018,
Jason Espinoza,2019,
Jason Espinoza,2020,
Jason Espinoza,2021,
Jason Espinoza,2022,
Jason Espinoza,2023,
Sabrina Fraser Derrington,2013,
Sabrina Fraser Derrington,2014,
Sabrina Fraser Derrington,2015,
Sabrina Fraser Derrington,2016,
Sabrina Fraser Derrington,2017,
Sabrina Fraser Derrington,2018,
Sabrina Fraser Derrington,2019,
Sabrina Fraser Derrington,2020,
Sabrina Fraser Derrington,2021,
Sabrina Fraser Derrington,2022,
Sabrina Fraser Derrington,2023,
Tricia R. Pendergrast,2013,
Tricia R. Pendergrast,2014,
Tricia R. Pendergrast,2015,
Tricia R. Pendergrast,2016,
Tricia R. Pendergrast,2017,
Tricia R. Pendergrast,2018,
Tricia R. Pendergrast,2019,
Tricia R. Pendergrast,2020,
Tricia R. Pendergrast,2021,
Tricia R. Pendergrast,2022,
Tricia R. Pendergrast,2023,
Colin K. Franz,2013,
Colin K. Franz,2014,
Colin K. Franz,2015,
Colin K. Franz,2016,
Colin K. Franz,2017,
Colin K. Franz,2018,
Colin K. Franz,2019,
Colin K. Franz,2020,
Colin K. Franz,2021,
Colin K. Franz,2022,
Colin K. Franz,2023,
Vicki Maria Tysseling,2013,
Vicki Maria Tysseling,2014,
Vicki Maria Tysseling,2015,
Vicki Maria Tysseling,2016,
Vicki Maria Tysseling,2017,
Vicki Maria Tysseling,2018,
Vicki Maria Tysseling,2019,
Vicki Maria Tysseling,2020,
Vicki Maria Tysseling,2021,
Vicki Maria Tysseling,2022,
Vicki Maria Tysseling,2023,
Cady Berkel,2013,
Cady Berkel,2014,
Cady Berkel,2015,
Cady Berkel,2016,
Cady Berkel,2017,
Cady Berkel,2018,
Cady Berkel,2019,
Cady Berkel,2020,
Cady Berkel,2021,
Cady Berkel,2022,
Cady Berkel,2023,
Carlos G. Gallo,2013,
Carlos G. Gallo,2014,
Carlos G. Gallo,2015,
Carlos G. Gallo,2016,
Carlos G. Gallo,2017,
Carlos G. Gallo,2018,
Carlos G. Gallo,2019,
Carlos G. Gallo,2020,
Carlos G. Gallo,2021,
Carlos G. Gallo,2022,
Carlos G. Gallo,2023,
Isabelle Caroline Le Poole,2013,
Isabelle Caroline Le Poole,2014,
Isabelle Caroline Le Poole,2015,
Isabelle Caroline Le Poole,2016,
Isabelle Caroline Le Poole,2017,
Isabelle Caroline Le Poole,2018,
Isabelle Caroline Le Poole,2019,
Isabelle Caroline Le Poole,2020,
Isabelle Caroline Le Poole,2021,
Isabelle Caroline Le Poole,2022,
Isabelle Caroline Le Poole,2023,
Julia Marie Mhlaba,2013,
Julia Marie Mhlaba,2014,
Julia Marie Mhlaba,2015,
Julia Marie Mhlaba,2016,
Julia Marie Mhlaba,2017,
Julia Marie Mhlaba,2018,
Julia Marie Mhlaba,2019,
Julia Marie Mhlaba,2020,
Julia Marie Mhlaba,2021,
Julia Marie Mhlaba,2022,
Julia Marie Mhlaba,2023,
Roopal Vashi Kundu,2013,
Roopal Vashi Kundu,2014,
Roopal Vashi Kundu,2015,
Roopal Vashi Kundu,2016,
Roopal Vashi Kundu,2017,
Roopal Vashi Kundu,2018,
Roopal Vashi Kundu,2019,
Roopal Vashi Kundu,2020,
Roopal Vashi Kundu,2021,
Roopal Vashi Kundu,2022,
Roopal Vashi Kundu,2023,
Stephanie M. Rangel,2013,
Stephanie M. Rangel,2014,
Stephanie M. Rangel,2015,
Stephanie M. Rangel,2016,
Stephanie M. Rangel,2017,
Stephanie M. Rangel,2018,
Stephanie M. Rangel,2019,
Stephanie M. Rangel,2020,
Stephanie M. Rangel,2021,
Stephanie M. Rangel,2022,
Stephanie M. Rangel,2023,
Adam L. Boxer,2013,
Adam L. Boxer,2014,
Adam L. Boxer,2015,
Adam L. Boxer,2016,
Adam L. Boxer,2017,
Adam L. Boxer,2018,
Adam L. Boxer,2019,
Adam L. Boxer,2020,
Adam L. Boxer,2021,
Adam L. Boxer,2022,
Adam L. Boxer,2023,
Brad F. Boeve,2013,
Brad F. Boeve,2014,
Brad F. Boeve,2015,
Brad F. Boeve,2016,
Brad F. Boeve,2017,
Brad F. Boeve,2018,
Brad F. Boeve,2019,
Brad F. Boeve,2020,
Brad F. Boeve,2021,
Brad F. Boeve,2022,
Brad F. Boeve,2023,
Howie J. Rosen,2013,
Howie J. Rosen,2014,
Howie J. Rosen,2015,
Howie J. Rosen,2016,
Howie J. Rosen,2017,
Howie J. Rosen,2018,
Howie J. Rosen,2019,
Howie J. Rosen,2020,
Howie J. Rosen,2021,
Howie J. Rosen,2022,
Howie J. Rosen,2023,
Qinwen Mao,2013,
Qinwen Mao,2014,
Qinwen Mao,2015,
Qinwen Mao,2016,
Qinwen Mao,2017,
Qinwen Mao,2018,
Qinwen Mao,2019,
Qinwen Mao,2020,
Qinwen Mao,2021,
Qinwen Mao,2022,
Qinwen Mao,2023,
Karna Murthy,2013,
Karna Murthy,2014,
Karna Murthy,2015,
Karna Murthy,2016,
Karna Murthy,2017,
Karna Murthy,2018,
Karna Murthy,2019,
Karna Murthy,2020,
Karna Murthy,2021,
Karna Murthy,2022,
Karna Murthy,2023,
Thrasyvoulos N. Pappas,2013,
Thrasyvoulos N. Pappas,2014,
Thrasyvoulos N. Pappas,2015,
Thrasyvoulos N. Pappas,2016,
Thrasyvoulos N. Pappas,2017,
Thrasyvoulos N. Pappas,2018,
Thrasyvoulos N. Pappas,2019,
Thrasyvoulos N. Pappas,2020,
Thrasyvoulos N. Pappas,2021,
Thrasyvoulos N. Pappas,2022,
Thrasyvoulos N. Pappas,2023,
Ken A. Paller,2013,
Ken A. Paller,2014,
Ken A. Paller,2015,
Ken A. Paller,2016,
Ken A. Paller,2017,
Ken A. Paller,2018,
Ken A. Paller,2019,
Ken A. Paller,2020,
Ken A. Paller,2021,
Ken A. Paller,2022,
Ken A. Paller,2023,
Phyllis C. Zee,2013,
Phyllis C. Zee,2014,
Phyllis C. Zee,2015,
Phyllis C. Zee,2016,
Phyllis C. Zee,2017,
Phyllis C. Zee,2018,
Phyllis C. Zee,2019,
Phyllis C. Zee,2020,
Phyllis C. Zee,2021,
Phyllis C. Zee,2022,
Phyllis C. Zee,2023,
George C. Lales,2013,
George C. Lales,2014,
George C. Lales,2015,
George C. Lales,2016,
George C. Lales,2017,
George C. Lales,2018,
George C. Lales,2019,
George C. Lales,2020,
George C. Lales,2021,
George C. Lales,2022,
George C. Lales,2023,
Marc Brian Rosenman,2013,
Marc Brian Rosenman,2014,
Marc Brian Rosenman,2015,
Marc Brian Rosenman,2016,
Marc Brian Rosenman,2017,
Marc Brian Rosenman,2018,
Marc Brian Rosenman,2019,
Marc Brian Rosenman,2020,
Marc Brian Rosenman,2021,
Marc Brian Rosenman,2022,
Marc Brian Rosenman,2023,
Mark K. Bennett,2013,
Mark K. Bennett,2014,
Mark K. Bennett,2015,
Mark K. Bennett,2016,
Mark K. Bennett,2017,
Mark K. Bennett,2018,
Mark K. Bennett,2019,
Mark K. Bennett,2020,
Mark K. Bennett,2021,
Mark K. Bennett,2022,
Mark K. Bennett,2023,
Rajesh Katpalli,2013,
Rajesh Katpalli,2014,
Rajesh Katpalli,2015,
Rajesh Katpalli,2016,
Rajesh Katpalli,2017,
Rajesh Katpalli,2018,
Rajesh Katpalli,2019,
Rajesh Katpalli,2020,
Rajesh Katpalli,2021,
Rajesh Katpalli,2022,
Rajesh Katpalli,2023,
Ellen R. R. Brooks,2013,
Ellen R. R. Brooks,2014,
Ellen R. R. Brooks,2015,
Ellen R. R. Brooks,2016,
Ellen R. R. Brooks,2017,
Ellen R. R. Brooks,2018,
Ellen R. R. Brooks,2019,
Ellen R. R. Brooks,2020,
Ellen R. R. Brooks,2021,
Ellen R. R. Brooks,2022,
Ellen R. R. Brooks,2023,
J. Will Thompson,2013,
J. Will Thompson,2014,
J. Will Thompson,2015,
J. Will Thompson,2016,
J. Will Thompson,2017,
J. Will Thompson,2018,
J. Will Thompson,2019,
J. Will Thompson,2020,
J. Will Thompson,2021,
J. Will Thompson,2022,
J. Will Thompson,2023,
Jenna Rossoff,2013,
Jenna Rossoff,2014,
Jenna Rossoff,2015,
Jenna Rossoff,2016,
Jenna Rossoff,2017,
Jenna Rossoff,2018,
Jenna Rossoff,2019,
Jenna Rossoff,2020,
Jenna Rossoff,2021,
Jenna Rossoff,2022,
Jenna Rossoff,2023,
Sonali Chaudhury,2022,
Sonali Chaudhury,2023,
Anjan Tibrewala,2022,
Anjan Tibrewala,2023,
Donald M. Lloyd-Jones,2013,
Donald M. Lloyd-Jones,2014,
Donald M. Lloyd-Jones,2015,
Donald M. Lloyd-Jones,2016,
Donald M. Lloyd-Jones,2017,
Donald M. Lloyd-Jones,2018,
Donald M. Lloyd-Jones,2019,
Donald M. Lloyd-Jones,2020,
Donald M. Lloyd-Jones,2021,
Donald M. Lloyd-Jones,2022,
Donald M. Lloyd-Jones,2023,
Sanjiv J. Shah,2013,
Sanjiv J. Shah,2014,
Sanjiv J. Shah,2015,
Sanjiv J. Shah,2016,
Sanjiv J. Shah,2017,
Sanjiv J. Shah,2018,
Sanjiv J. Shah,2019,
Sanjiv J. Shah,2020,
Sanjiv J. Shah,2021,
Sanjiv J. Shah,2022,
Sanjiv J. Shah,2023,
Kazuhiro Shimomura,2013,
Kazuhiro Shimomura,2014,
Kazuhiro Shimomura,2015,
Kazuhiro Shimomura,2016,
Kazuhiro Shimomura,2017,
Kazuhiro Shimomura,2018,
Kazuhiro Shimomura,2019,
Kazuhiro Shimomura,2020,
Kazuhiro Shimomura,2021,
Kazuhiro Shimomura,2022,
Kazuhiro Shimomura,2023,
Martha Hotz Vitaterna,2013,
Martha Hotz Vitaterna,2014,
Martha Hotz Vitaterna,2015,
Martha Hotz Vitaterna,2016,
Martha Hotz Vitaterna,2017,
Martha Hotz Vitaterna,2018,
Martha Hotz Vitaterna,2019,
Martha Hotz Vitaterna,2020,
Martha Hotz Vitaterna,2021,
Martha Hotz Vitaterna,2022,
Martha Hotz Vitaterna,2023,
Jeffrey P. Gross,2022,
Jeffrey P. Gross,2023,
Teresa K. Woodruff,2013,
Teresa K. Woodruff,2014,
Teresa K. Woodruff,2015,
Teresa K. Woodruff,2016,
Teresa K. Woodruff,2017,
Teresa K. Woodruff,2018,
Teresa K. Woodruff,2019,
Teresa K. Woodruff,2020,
Teresa K. Woodruff,2021,
Teresa K. Woodruff,2022,
Teresa K. Woodruff,2023,
Jennifer Donglan Wu,2013,
Jennifer Donglan Wu,2014,
Jennifer Donglan Wu,2015,
Jennifer Donglan Wu,2016,
Jennifer Donglan Wu,2017,
Jennifer Donglan Wu,2018,
Jennifer Donglan Wu,2019,
Jennifer Donglan Wu,2020,
Jennifer Donglan Wu,2021,
Jennifer Donglan Wu,2022,
Jennifer Donglan Wu,2023,
Ju Wu,2013,
Ju Wu,2014,
Ju Wu,2015,
Ju Wu,2016,
Ju Wu,2017,
Ju Wu,2018,
Ju Wu,2019,
Ju Wu,2020,
Ju Wu,2021,
Ju Wu,2022,
Ju Wu,2023,
Mahmoud G. Khalafalla,2013,
Mahmoud G. Khalafalla,2014,
Mahmoud G. Khalafalla,2015,
Mahmoud G. Khalafalla,2016,
Mahmoud G. Khalafalla,2017,
Mahmoud G. Khalafalla,2018,
Mahmoud G. Khalafalla,2019,
Mahmoud G. Khalafalla,2020,
Mahmoud G. Khalafalla,2021,
Mahmoud G. Khalafalla,2022,
Mahmoud G. Khalafalla,2023,
Jill L. Chang,2013,
Jill L. Chang,2014,
Jill L. Chang,2015,
Jill L. Chang,2016,
Jill L. Chang,2017,
Jill L. Chang,2018,
Jill L. Chang,2019,
Jill L. Chang,2020,
Jill L. Chang,2021,
Jill L. Chang,2022,
Jill L. Chang,2023,
Maria L. V. Dizon,2022,
Maria L. V. Dizon,2023,
Carson Joseph Ingo,2013,
Carson Joseph Ingo,2014,
Carson Joseph Ingo,2015,
Carson Joseph Ingo,2016,
Carson Joseph Ingo,2017,
Carson Joseph Ingo,2018,
Carson Joseph Ingo,2019,
Carson Joseph Ingo,2020,
Carson Joseph Ingo,2021,
Carson Joseph Ingo,2022,
Carson Joseph Ingo,2023,
Julius P. A. Dewald,2013,
Julius P. A. Dewald,2014,
Julius P. A. Dewald,2015,
Julius P. A. Dewald,2016,
Julius P. A. Dewald,2017,
Julius P. A. Dewald,2018,
Julius P. A. Dewald,2019,
Julius P. A. Dewald,2020,
Julius P. A. Dewald,2021,
Julius P. A. Dewald,2022,
Julius P. A. Dewald,2023,
Justin Drogos,2013,
Justin Drogos,2014,
Justin Drogos,2015,
Justin Drogos,2016,
Justin Drogos,2017,
Justin Drogos,2018,
Justin Drogos,2019,
Justin Drogos,2020,
Justin Drogos,2021,
Justin Drogos,2022,
Justin Drogos,2023,
Netta Gurari,2013,
Netta Gurari,2014,
Netta Gurari,2015,
Netta Gurari,2016,
Netta Gurari,2017,
Netta Gurari,2018,
Netta Gurari,2019,
Netta Gurari,2020,
Netta Gurari,2021,
Netta Gurari,2022,
Netta Gurari,2023,
Dominique Lynn Kinnett-Hopkins,2013,
Dominique Lynn Kinnett-Hopkins,2014,
Dominique Lynn Kinnett-Hopkins,2015,
Dominique Lynn Kinnett-Hopkins,2016,
Dominique Lynn Kinnett-Hopkins,2017,
Dominique Lynn Kinnett-Hopkins,2018,
Dominique Lynn Kinnett-Hopkins,2019,
Dominique Lynn Kinnett-Hopkins,2020,
Dominique Lynn Kinnett-Hopkins,2021,
Dominique Lynn Kinnett-Hopkins,2022,
Dominique Lynn Kinnett-Hopkins,2023,
Jane L. Holl,2013,
Jane L. Holl,2014,
Jane L. Holl,2015,
Jane L. Holl,2016,
Jane L. Holl,2017,
Jane L. Holl,2018,
Jane L. Holl,2019,
Jane L. Holl,2020,
Jane L. Holl,2021,
Jane L. Holl,2022,
Jane L. Holl,2023,
Rosalind Ramsey-Goldman,2020,
Rosalind Ramsey-Goldman,2021,
Rosalind Ramsey-Goldman,2022,
Rosalind Ramsey-Goldman,2023,
Steven T. Kosak,2013,
Steven T. Kosak,2014,
Steven T. Kosak,2015,
Steven T. Kosak,2016,
Steven T. Kosak,2017,
Steven T. Kosak,2018,
Steven T. Kosak,2019,
Steven T. Kosak,2020,
Steven T. Kosak,2021,
Steven T. Kosak,2022,
Steven T. Kosak,2023,
David T. Liss,2013,
David T. Liss,2014,
David T. Liss,2015,
David T. Liss,2016,
David T. Liss,2017,
David T. Liss,2018,
David T. Liss,2019,
David T. Liss,2020,
David T. Liss,2021,
David T. Liss,2022,
David T. Liss,2023,
Tiffany A. Brown,2013,
Tiffany A. Brown,2014,
Tiffany A. Brown,2015,
Tiffany A. Brown,2016,
Tiffany A. Brown,2017,
Tiffany A. Brown,2018,
Tiffany A. Brown,2019,
Tiffany A. Brown,2020,
Tiffany A. Brown,2021,
Tiffany A. Brown,2022,
Tiffany A. Brown,2023,
Jason C. Ong,2013,
Jason C. Ong,2014,
Jason C. Ong,2015,
Jason C. Ong,2016,
Jason C. Ong,2017,
Jason C. Ong,2018,
Jason C. Ong,2019,
Jason C. Ong,2020,
Jason C. Ong,2021,
Jason C. Ong,2022,
Jason C. Ong,2023,
Kristen L. Knutson,2013,
Kristen L. Knutson,2014,
Kristen L. Knutson,2015,
Kristen L. Knutson,2016,
Kristen L. Knutson,2017,
Kristen L. Knutson,2018,
Kristen L. Knutson,2019,
Kristen L. Knutson,2020,
Kristen L. Knutson,2021,
Kristen L. Knutson,2022,
Kristen L. Knutson,2023,
Alan R. Hauser,2013,
Alan R. Hauser,2014,
Alan R. Hauser,2015,
Alan R. Hauser,2016,
Alan R. Hauser,2017,
Alan R. Hauser,2018,
Alan R. Hauser,2019,
Alan R. Hauser,2020,
Alan R. Hauser,2021,
Alan R. Hauser,2022,
Alan R. Hauser,2023,
Egon Anderson Ozer,2013,
Egon Anderson Ozer,2014,
Egon Anderson Ozer,2015,
Egon Anderson Ozer,2016,
Egon Anderson Ozer,2017,
Egon Anderson Ozer,2018,
Egon Anderson Ozer,2019,
Egon Anderson Ozer,2020,
Egon Anderson Ozer,2021,
Egon Anderson Ozer,2022,
Egon Anderson Ozer,2023,
Nathaniel J. Rhodes,2013,
Nathaniel J. Rhodes,2014,
Nathaniel J. Rhodes,2015,
Nathaniel J. Rhodes,2016,
Nathaniel J. Rhodes,2017,
Nathaniel J. Rhodes,2018,
Nathaniel J. Rhodes,2019,
Nathaniel J. Rhodes,2020,
Nathaniel J. Rhodes,2021,
Nathaniel J. Rhodes,2022,
Nathaniel J. Rhodes,2023,
Alexandra Stricklerpoe,2013,
Alexandra Stricklerpoe,2014,
Alexandra Stricklerpoe,2015,
Alexandra Stricklerpoe,2016,
Alexandra Stricklerpoe,2017,
Alexandra Stricklerpoe,2018,
Alexandra Stricklerpoe,2019,
Alexandra Stricklerpoe,2020,
Alexandra Stricklerpoe,2021,
Alexandra Stricklerpoe,2022,
Alexandra Stricklerpoe,2023,
Elaine Ooi Yan Cheung,2013,
Elaine Ooi Yan Cheung,2014,
Elaine Ooi Yan Cheung,2015,
Elaine Ooi Yan Cheung,2016,
Elaine Ooi Yan Cheung,2017,
Elaine Ooi Yan Cheung,2018,
Elaine Ooi Yan Cheung,2019,
Elaine Ooi Yan Cheung,2020,
Elaine Ooi Yan Cheung,2021,
Elaine Ooi Yan Cheung,2022,
Elaine Ooi Yan Cheung,2023,
Melinda R. Ring,2013,
Melinda R. Ring,2014,
Melinda R. Ring,2015,
Melinda R. Ring,2016,
Melinda R. Ring,2017,
Melinda R. Ring,2018,
Melinda R. Ring,2019,
Melinda R. Ring,2020,
Melinda R. Ring,2021,
Melinda R. Ring,2022,
Melinda R. Ring,2023,
Neile? K. Edens,2013,
Neile? K. Edens,2014,
Neile? K. Edens,2015,
Neile? K. Edens,2016,
Neile? K. Edens,2017,
Neile? K. Edens,2018,
Neile? K. Edens,2019,
Neile? K. Edens,2020,
Neile? K. Edens,2021,
Neile? K. Edens,2022,
Neile? K. Edens,2023,
Rupa Mahadeva,2013,
Rupa Mahadeva,2014,
Rupa Mahadeva,2015,
Rupa Mahadeva,2016,
Rupa Mahadeva,2017,
Rupa Mahadeva,2018,
Rupa Mahadeva,2019,
Rupa Mahadeva,2020,
Rupa Mahadeva,2021,
Rupa Mahadeva,2022,
Rupa Mahadeva,2023,
Stephanie Folkens,2013,
Stephanie Folkens,2014,
Stephanie Folkens,2015,
Stephanie Folkens,2016,
Stephanie Folkens,2017,
Stephanie Folkens,2018,
Stephanie Folkens,2019,
Stephanie Folkens,2020,
Stephanie Folkens,2021,
Stephanie Folkens,2022,
Stephanie Folkens,2023,
Daniel T. Robinson,2013,
Daniel T. Robinson,2014,
Daniel T. Robinson,2015,
Daniel T. Robinson,2016,
Daniel T. Robinson,2017,
Daniel T. Robinson,2018,
Daniel T. Robinson,2019,
Daniel T. Robinson,2020,
Daniel T. Robinson,2021,
Daniel T. Robinson,2022,
Daniel T. Robinson,2023,
Jami L. Josefson,2013,
Jami L. Josefson,2014,
Jami L. Josefson,2015,
Jami L. Josefson,2016,
Jami L. Josefson,2017,
Jami L. Josefson,2018,
Jami L. Josefson,2019,
Jami L. Josefson,2020,
Jami L. Josefson,2021,
Jami L. Josefson,2022,
Jami L. Josefson,2023,
Linda Van Van Horn,2022,
Linda Van Van Horn,2023,
Karla J. F. Satchell,2013,
Karla J. F. Satchell,2014,
Karla J. F. Satchell,2015,
Karla J. F. Satchell,2016,
Karla J. F. Satchell,2017,
Karla J. F. Satchell,2018,
Karla J. F. Satchell,2019,
Karla J. F. Satchell,2020,
Karla J. F. Satchell,2021,
Karla J. F. Satchell,2022,
Karla J. F. Satchell,2023,
Vania Vidimar,2013,
Vania Vidimar,2014,
Vania Vidimar,2015,
Vania Vidimar,2016,
Vania Vidimar,2017,
Vania Vidimar,2018,
Vania Vidimar,2019,
Vania Vidimar,2020,
Vania Vidimar,2021,
Vania Vidimar,2022,
Vania Vidimar,2023,
Amy Roder,2013,
Amy Roder,2014,
Amy Roder,2015,
Amy Roder,2016,
Amy Roder,2017,
Amy Roder,2018,
Amy Roder,2019,
Amy Roder,2020,
Amy Roder,2021,
Amy Roder,2022,
Amy Roder,2023,
Jongsang Son,2013,
Jongsang Son,2014,
Jongsang Son,2015,
Jongsang Son,2016,
Jongsang Son,2017,
Jongsang Son,2018,
Jongsang Son,2019,
Jongsang Son,2020,
Jongsang Son,2021,
Jongsang Son,2022,
Jongsang Son,2023,
Nina I. Suresh,2013,
Nina I. Suresh,2014,
Nina I. Suresh,2015,
Nina I. Suresh,2016,
Nina I. Suresh,2017,
Nina I. Suresh,2018,
Nina I. Suresh,2019,
Nina I. Suresh,2020,
Nina I. Suresh,2021,
Nina I. Suresh,2022,
Nina I. Suresh,2023,
Jill A. Weissberg Benchell,2013,
Jill A. Weissberg Benchell,2014,
Jill A. Weissberg Benchell,2015,
Jill A. Weissberg Benchell,2016,
Jill A. Weissberg Benchell,2017,
Jill A. Weissberg Benchell,2018,
Jill A. Weissberg Benchell,2019,
Jill A. Weissberg Benchell,2020,
Jill A. Weissberg Benchell,2021,
Jill A. Weissberg Benchell,2022,
Jill A. Weissberg Benchell,2023,
Lindsay Anderson,2013,
Lindsay Anderson,2014,
Lindsay Anderson,2015,
Lindsay Anderson,2016,
Lindsay Anderson,2017,
Lindsay Anderson,2018,
Lindsay Anderson,2019,
Lindsay Anderson,2020,
Lindsay Anderson,2021,
Lindsay Anderson,2022,
Lindsay Anderson,2023,
Molly G. Bright,2014,
Molly G. Bright,2015,
Molly G. Bright,2016,
Molly G. Bright,2017,
Molly G. Bright,2018,
Molly G. Bright,2019,
Molly G. Bright,2020,
Molly G. Bright,2021,
Molly G. Bright,2022,
Molly G. Bright,2023,
Molly G. Bright,2024,
Rachael Cecelia Stickland,2014,
Rachael Cecelia Stickland,2015,
Rachael Cecelia Stickland,2016,
Rachael Cecelia Stickland,2017,
Rachael Cecelia Stickland,2018,
Rachael Cecelia Stickland,2019,
Rachael Cecelia Stickland,2020,
Rachael Cecelia Stickland,2021,
Rachael Cecelia Stickland,2022,
Rachael Cecelia Stickland,2023,
Rachael Cecelia Stickland,2024,
Ali Shaibani,2014,
Ali Shaibani,2015,
Ali Shaibani,2016,
Ali Shaibani,2017,
Ali Shaibani,2018,
Ali Shaibani,2019,
Ali Shaibani,2020,
Ali Shaibani,2021,
Ali Shaibani,2022,
Ali Shaibani,2023,
Ali Shaibani,2024,
Corey S. Bregman,2014,
Corey S. Bregman,2015,
Corey S. Bregman,2016,
Corey S. Bregman,2017,
Corey S. Bregman,2018,
Corey S. Bregman,2019,
Corey S. Bregman,2020,
Corey S. Bregman,2021,
Corey S. Bregman,2022,
Corey S. Bregman,2023,
Corey S. Bregman,2024,
Donald Robinson Cantrell,2014,
Donald Robinson Cantrell,2015,
Donald Robinson Cantrell,2016,
Donald Robinson Cantrell,2017,
Donald Robinson Cantrell,2018,
Donald Robinson Cantrell,2019,
Donald Robinson Cantrell,2020,
Donald Robinson Cantrell,2021,
Donald Robinson Cantrell,2022,
Donald Robinson Cantrell,2023,
Donald Robinson Cantrell,2024,
Sameer Ahmad Ansari,2014,
Sameer Ahmad Ansari,2015,
Sameer Ahmad Ansari,2016,
Sameer Ahmad Ansari,2017,
Sameer Ahmad Ansari,2018,
Sameer Ahmad Ansari,2019,
Sameer Ahmad Ansari,2020,
Sameer Ahmad Ansari,2021,
Sameer Ahmad Ansari,2022,
Sameer Ahmad Ansari,2023,
Sameer Ahmad Ansari,2024,
Susan Palasis,2014,
Susan Palasis,2015,
Susan Palasis,2016,
Susan Palasis,2017,
Susan Palasis,2018,
Susan Palasis,2019,
Susan Palasis,2020,
Susan Palasis,2021,
Susan Palasis,2022,
Susan Palasis,2023,
Susan Palasis,2024,
Claire A. Coyne,2014,
Claire A. Coyne,2015,
Claire A. Coyne,2016,
Claire A. Coyne,2017,
Claire A. Coyne,2018,
Claire A. Coyne,2019,
Claire A. Coyne,2020,
Claire A. Coyne,2021,
Claire A. Coyne,2022,
Claire A. Coyne,2023,
Claire A. Coyne,2024,
Diane Chen,2014,
Diane Chen,2015,
Diane Chen,2016,
Diane Chen,2017,
Diane Chen,2018,
Diane Chen,2019,
Diane Chen,2020,
Diane Chen,2021,
Diane Chen,2022,
Diane Chen,2023,
Diane Chen,2024,
Jonathan L. Poquiz,2014,
Jonathan L. Poquiz,2015,
Jonathan L. Poquiz,2016,
Jonathan L. Poquiz,2017,
Jonathan L. Poquiz,2018,
Jonathan L. Poquiz,2019,
Jonathan L. Poquiz,2020,
Jonathan L. Poquiz,2021,
Jonathan L. Poquiz,2022,
Jonathan L. Poquiz,2023,
Jonathan L. Poquiz,2024,
Alexander Cates,2014,
Alexander Cates,2015,
Alexander Cates,2016,
Alexander Cates,2017,
Alexander Cates,2018,
Alexander Cates,2019,
Alexander Cates,2020,
Alexander Cates,2021,
Alexander Cates,2022,
Alexander Cates,2023,
Alexander Cates,2024,
Keith Edward Gordon,2014,
Keith Edward Gordon,2015,
Keith Edward Gordon,2016,
Keith Edward Gordon,2017,
Keith Edward Gordon,2018,
Keith Edward Gordon,2019,
Keith Edward Gordon,2020,
Keith Edward Gordon,2021,
Keith Edward Gordon,2022,
Keith Edward Gordon,2023,
Keith Edward Gordon,2024,
Abraham Celio,2014,
Abraham Celio,2015,
Abraham Celio,2016,
Abraham Celio,2017,
Abraham Celio,2018,
Abraham Celio,2019,
Abraham Celio,2020,
Abraham Celio,2021,
Abraham Celio,2022,
Abraham Celio,2023,
Abraham Celio,2024,
Cesar O. Lara,2014,
Cesar O. Lara,2015,
Cesar O. Lara,2016,
Cesar O. Lara,2017,
Cesar O. Lara,2018,
Cesar O. Lara,2019,
Cesar O. Lara,2020,
Cesar O. Lara,2021,
Cesar O. Lara,2022,
Cesar O. Lara,2023,
Cesar O. Lara,2024,
Elizabeth A. Hahn,2014,
Elizabeth A. Hahn,2015,
Elizabeth A. Hahn,2016,
Elizabeth A. Hahn,2017,
Elizabeth A. Hahn,2018,
Elizabeth A. Hahn,2019,
Elizabeth A. Hahn,2020,
Elizabeth A. Hahn,2021,
Elizabeth A. Hahn,2022,
Elizabeth A. Hahn,2023,
Elizabeth A. Hahn,2024,
Helius DeArrudah,2014,
Helius DeArrudah,2015,
Helius DeArrudah,2016,
Helius DeArrudah,2017,
Helius DeArrudah,2018,
Helius DeArrudah,2019,
Helius DeArrudah,2020,
Helius DeArrudah,2021,
Helius DeArrudah,2022,
Helius DeArrudah,2023,
Helius DeArrudah,2024,
Lauretta T. Quinn,2014,
Lauretta T. Quinn,2015,
Lauretta T. Quinn,2016,
Lauretta T. Quinn,2017,
Lauretta T. Quinn,2018,
Lauretta T. Quinn,2019,
Lauretta T. Quinn,2020,
Lauretta T. Quinn,2021,
Lauretta T. Quinn,2022,
Lauretta T. Quinn,2023,
Lauretta T. Quinn,2024,
Olivia F. Ramirez,2014,
Olivia F. Ramirez,2015,
Olivia F. Ramirez,2016,
Olivia F. Ramirez,2017,
Olivia F. Ramirez,2018,
Olivia F. Ramirez,2019,
Olivia F. Ramirez,2020,
Olivia F. Ramirez,2021,
Olivia F. Ramirez,2022,
Olivia F. Ramirez,2023,
Olivia F. Ramirez,2024,
Elizabeth A. Hibler,2014,
Elizabeth A. Hibler,2015,
Elizabeth A. Hibler,2016,
Elizabeth A. Hibler,2017,
Elizabeth A. Hibler,2018,
Elizabeth A. Hibler,2019,
Elizabeth A. Hibler,2020,
Elizabeth A. Hibler,2021,
Elizabeth A. Hibler,2022,
Elizabeth A. Hibler,2023,
Elizabeth A. Hibler,2024,
Karly Mary Murphy,2014,
Karly Mary Murphy,2015,
Karly Mary Murphy,2016,
Karly Mary Murphy,2017,
Karly Mary Murphy,2018,
Karly Mary Murphy,2019,
Karly Mary Murphy,2020,
Karly Mary Murphy,2021,
Karly Mary Murphy,2022,
Karly Mary Murphy,2023,
Karly Mary Murphy,2024,
Mark A. Pereira,2014,
Mark A. Pereira,2015,
Mark A. Pereira,2016,
Mark A. Pereira,2017,
Mark A. Pereira,2018,
Mark A. Pereira,2019,
Mark A. Pereira,2020,
Mark A. Pereira,2021,
Mark A. Pereira,2022,
Mark A. Pereira,2023,
Mark A. Pereira,2024,
Teresa H. Horton,2014,
Teresa H. Horton,2015,
Teresa H. Horton,2016,
Teresa H. Horton,2017,
Teresa H. Horton,2018,
Teresa H. Horton,2019,
Teresa H. Horton,2020,
Teresa H. Horton,2021,
Teresa H. Horton,2022,
Teresa H. Horton,2023,
Teresa H. Horton,2024,
Rachita Sood,2014,
Rachita Sood,2015,
Rachita Sood,2016,
Rachita Sood,2017,
Rachita Sood,2018,
Rachita Sood,2019,
Rachita Sood,2020,
Rachita Sood,2021,
Rachita Sood,2022,
Rachita Sood,2023,
Rachita Sood,2024,
Sumanas Wanant Jordan,2014,
Sumanas Wanant Jordan,2015,
Sumanas Wanant Jordan,2016,
Sumanas Wanant Jordan,2017,
Sumanas Wanant Jordan,2018,
Sumanas Wanant Jordan,2019,
Sumanas Wanant Jordan,2020,
Sumanas Wanant Jordan,2021,
Sumanas Wanant Jordan,2022,
Sumanas Wanant Jordan,2023,
Sumanas Wanant Jordan,2024,
Abel N. Kho,2022,
Abel N. Kho,2023,
Abel N. Kho,2024,
David J. Press,2014,
David J. Press,2015,
David J. Press,2016,
David J. Press,2017,
David J. Press,2018,
David J. Press,2019,
David J. Press,2020,
David J. Press,2021,
David J. Press,2022,
David J. Press,2023,
David J. Press,2024,
Theresa L. Walunas,2014,
Theresa L. Walunas,2015,
Theresa L. Walunas,2016,
Theresa L. Walunas,2017,
Theresa L. Walunas,2018,
Theresa L. Walunas,2019,
Theresa L. Walunas,2020,
Theresa L. Walunas,2021,
Theresa L. Walunas,2022,
Theresa L. Walunas,2023,
Theresa L. Walunas,2024,
Cheryl N. Colt,2014,
Cheryl N. Colt,2015,
Cheryl N. Colt,2016,
Cheryl N. Colt,2017,
Cheryl N. Colt,2018,
Cheryl N. Colt,2019,
Cheryl N. Colt,2020,
Cheryl N. Colt,2021,
Cheryl N. Colt,2022,
Cheryl N. Colt,2023,
Cheryl N. Colt,2024,
Erika E. Lawrence,2014,
Erika E. Lawrence,2015,
Erika E. Lawrence,2016,
Erika E. Lawrence,2017,
Erika E. Lawrence,2018,
Erika E. Lawrence,2019,
Erika E. Lawrence,2020,
Erika E. Lawrence,2021,
Erika E. Lawrence,2022,
Erika E. Lawrence,2023,
Erika E. Lawrence,2024,
Aggelos K. Katsaggelos,2014,
Aggelos K. Katsaggelos,2015,
Aggelos K. Katsaggelos,2016,
Aggelos K. Katsaggelos,2017,
Aggelos K. Katsaggelos,2018,
Aggelos K. Katsaggelos,2019,
Aggelos K. Katsaggelos,2020,
Aggelos K. Katsaggelos,2021,
Aggelos K. Katsaggelos,2022,
Aggelos K. Katsaggelos,2023,
Aggelos K. Katsaggelos,2024,
Todd B. Parrish,2014,
Todd B. Parrish,2015,
Todd B. Parrish,2016,
Todd B. Parrish,2017,
Todd B. Parrish,2018,
Todd B. Parrish,2019,
Todd B. Parrish,2020,
Todd B. Parrish,2021,
Todd B. Parrish,2022,
Todd B. Parrish,2023,
Todd B. Parrish,2024,
Emanuelle Araujo Lima Bellaguarda,2014,
Emanuelle Araujo Lima Bellaguarda,2015,
Emanuelle Araujo Lima Bellaguarda,2016,
Emanuelle Araujo Lima Bellaguarda,2017,
Emanuelle Araujo Lima Bellaguarda,2018,
Emanuelle Araujo Lima Bellaguarda,2019,
Emanuelle Araujo Lima Bellaguarda,2020,
Emanuelle Araujo Lima Bellaguarda,2021,
Emanuelle Araujo Lima Bellaguarda,2022,
Emanuelle Araujo Lima Bellaguarda,2023,
Emanuelle Araujo Lima Bellaguarda,2024,
Vitaliy Y. Poylin,2014,
Vitaliy Y. Poylin,2015,
Vitaliy Y. Poylin,2016,
Vitaliy Y. Poylin,2017,
Vitaliy Y. Poylin,2018,
Vitaliy Y. Poylin,2019,
Vitaliy Y. Poylin,2020,
Vitaliy Y. Poylin,2021,
Vitaliy Y. Poylin,2022,
Vitaliy Y. Poylin,2023,
Vitaliy Y. Poylin,2024,
Jay N. Patel,2014,
Jay N. Patel,2015,
Jay N. Patel,2016,
Jay N. Patel,2017,
Jay N. Patel,2018,
Jay N. Patel,2019,
Jay N. Patel,2020,
Jay N. Patel,2021,
Jay N. Patel,2022,
Jay N. Patel,2023,
Jay N. Patel,2024,
Sanjiv J. Shah,2024,
Angelo P. Tanna,2014,
Angelo P. Tanna,2015,
Angelo P. Tanna,2016,
Angelo P. Tanna,2017,
Angelo P. Tanna,2018,
Angelo P. Tanna,2019,
Angelo P. Tanna,2020,
Angelo P. Tanna,2021,
Angelo P. Tanna,2022,
Angelo P. Tanna,2023,
Angelo P. Tanna,2024,
Ange-Therese Akono,2014,
Ange-Therese Akono,2015,
Ange-Therese Akono,2016,
Ange-Therese Akono,2017,
Ange-Therese Akono,2018,
Ange-Therese Akono,2019,
Ange-Therese Akono,2020,
Ange-Therese Akono,2021,
Ange-Therese Akono,2022,
Ange-Therese Akono,2023,
Ange-Therese Akono,2024,
Oluwseyi Balogun,2014,
Oluwseyi Balogun,2015,
Oluwseyi Balogun,2016,
Oluwseyi Balogun,2017,
Oluwseyi Balogun,2018,
Oluwseyi Balogun,2019,
Oluwseyi Balogun,2020,
Oluwseyi Balogun,2021,
Oluwseyi Balogun,2022,
Oluwseyi Balogun,2023,
Oluwseyi Balogun,2024,
Ziwei LI,2014,
Ziwei LI,2015,
Ziwei LI,2016,
Ziwei LI,2017,
Ziwei LI,2018,
Ziwei LI,2019,
Ziwei LI,2020,
Ziwei LI,2021,
Ziwei LI,2022,
Ziwei LI,2023,
Ziwei LI,2024,
Douglas Mathew Sidle,2014,
Douglas Mathew Sidle,2015,
Douglas Mathew Sidle,2016,
Douglas Mathew Sidle,2017,
Douglas Mathew Sidle,2018,
Douglas Mathew Sidle,2019,
Douglas Mathew Sidle,2020,
Douglas Mathew Sidle,2021,
Douglas Mathew Sidle,2022,
Douglas Mathew Sidle,2023,
Douglas Mathew Sidle,2024,
Peter M. Vila,2014,
Peter M. Vila,2015,
Peter M. Vila,2016,
Peter M. Vila,2017,
Peter M. Vila,2018,
Peter M. Vila,2019,
Peter M. Vila,2020,
Peter M. Vila,2021,
Peter M. Vila,2022,
Peter M. Vila,2023,
Peter M. Vila,2024,
Jenna B. Shapiro,2014,
Jenna B. Shapiro,2015,
Jenna B. Shapiro,2016,
Jenna B. Shapiro,2017,
Jenna B. Shapiro,2018,
Jenna B. Shapiro,2019,
Jenna B. Shapiro,2020,
Jenna B. Shapiro,2021,
Jenna B. Shapiro,2022,
Jenna B. Shapiro,2023,
Jenna B. Shapiro,2024,
Jill A. Weissberg Benchell,2024,
Adeboye Ogunseitan,2014,
Adeboye Ogunseitan,2015,
Adeboye Ogunseitan,2016,
Adeboye Ogunseitan,2017,
Adeboye Ogunseitan,2018,
Adeboye Ogunseitan,2019,
Adeboye Ogunseitan,2020,
Adeboye Ogunseitan,2021,
Adeboye Ogunseitan,2022,
Adeboye Ogunseitan,2023,
Adeboye Ogunseitan,2024,
Jacqueline Marie Kruser,2014,
Jacqueline Marie Kruser,2015,
Jacqueline Marie Kruser,2016,
Jacqueline Marie Kruser,2017,
Jacqueline Marie Kruser,2018,
Jacqueline Marie Kruser,2019,
Jacqueline Marie Kruser,2020,
Jacqueline Marie Kruser,2021,
Jacqueline Marie Kruser,2022,
Jacqueline Marie Kruser,2023,
Jacqueline Marie Kruser,2024,
Jane E. Wilcox,2023,
Jane E. Wilcox,2024,
Kathleen L. Grady,2014,
Kathleen L. Grady,2015,
Kathleen L. Grady,2016,
Kathleen L. Grady,2017,
Kathleen L. Grady,2018,
Kathleen L. Grady,2019,
Kathleen L. Grady,2020,
Kathleen L. Grady,2021,
Kathleen L. Grady,2022,
Kathleen L. Grady,2023,
Kathleen L. Grady,2024,
Kenzie A. Cameron,2014,
Kenzie A. Cameron,2015,
Kenzie A. Cameron,2016,
Kenzie A. Cameron,2017,
Kenzie A. Cameron,2018,
Kenzie A. Cameron,2019,
Kenzie A. Cameron,2020,
Kenzie A. Cameron,2021,
Kenzie A. Cameron,2022,
Kenzie A. Cameron,2023,
Kenzie A. Cameron,2024,
Sarah Chuzi,2014,
Sarah Chuzi,2015,
Sarah Chuzi,2016,
Sarah Chuzi,2017,
Sarah Chuzi,2018,
Sarah Chuzi,2019,
Sarah Chuzi,2020,
Sarah Chuzi,2021,
Sarah Chuzi,2022,
Sarah Chuzi,2023,
Sarah Chuzi,2024,
Mary Ellen Stoykov (Phillips),2014,
Mary Ellen Stoykov (Phillips),2015,
Mary Ellen Stoykov (Phillips),2016,
Mary Ellen Stoykov (Phillips),2017,
Mary Ellen Stoykov (Phillips),2018,
Mary Ellen Stoykov (Phillips),2019,
Mary Ellen Stoykov (Phillips),2020,
Mary Ellen Stoykov (Phillips),2021,
Mary Ellen Stoykov (Phillips),2022,
Mary Ellen Stoykov (Phillips),2023,
Mary Ellen Stoykov (Phillips),2024,
Yuan Yang,2014,
Yuan Yang,2015,
Yuan Yang,2016,
Yuan Yang,2017,
Yuan Yang,2018,
Yuan Yang,2019,
Yuan Yang,2020,
Yuan Yang,2021,
Yuan Yang,2022,
Yuan Yang,2023,
Yuan Yang,2024,